t,x,y,v_x,v_y,d
0.00000000e+00,-1.694750000000e+08,3.190951882845e+07,2.695447858255e+03,0.000000000000e+00,1.724528718719e+08
1.80000000e+02,-1.689897964167e+08,3.190951449964e+07,2.695703300327e+03,-4.816482686729e-02,1.719760719392e+08
3.60000000e+02,-1.685045467284e+08,3.190950146503e+07,2.695960137371e+03,-9.673192244376e-02,1.714992695625e+08
5.40000000e+02,-1.680192506831e+08,3.190947965179e+07,2.696218380771e+03,-1.457057652773e-01,1.710224675234e+08
7.20000000e+02,-1.675339080265e+08,3.190944898632e+07,2.696478042030e+03,-1.950908962226e-01,1.705456659572e+08
9.00000000e+02,-1.670485185025e+08,3.190940939417e+07,2.696739132779e+03,-2.448919194803e-01,1.700688650010e+08
1.08000000e+03,-1.665630818525e+08,3.190936080005e+07,2.697001664773e+03,-2.951135036565e-01,1.695920647947e+08
1.26000000e+03,-1.660775978162e+08,3.190930312784e+07,2.697265649896e+03,-3.457603828423e-01,1.691152654802e+08
1.44000000e+03,-1.655920661309e+08,3.190923630056e+07,2.697531100161e+03,-3.968373577153e-01,1.686384672019e+08
1.62000000e+03,-1.651064865318e+08,3.190916024034e+07,2.697798027714e+03,-4.483492966621e-01,1.681616701065e+08
1.80000000e+03,-1.646208587518e+08,3.190907486847e+07,2.698066444832e+03,-5.003011369226e-01,1.676848743432e+08
1.98000000e+03,-1.641351825218e+08,3.190898010529e+07,2.698336363927e+03,-5.526978857578e-01,1.672080800639e+08
2.16000000e+03,-1.636494575702e+08,3.190887587028e+07,2.698607797550e+03,-6.055446216394e-01,1.667312874227e+08
2.34000000e+03,-1.631636836233e+08,3.190876208197e+07,2.698880758388e+03,-6.588464954642e-01,1.662544965765e+08
2.52000000e+03,-1.626778604051e+08,3.190863865797e+07,2.699155259270e+03,-7.126087317912e-01,1.657777076848e+08
2.70000000e+03,-1.621919876371e+08,3.190850551494e+07,2.699431313167e+03,-7.668366301049e-01,1.653009209096e+08
2.88000000e+03,-1.617060650386e+08,3.190836256858e+07,2.699708933194e+03,-8.215355661025e-01,1.648241364159e+08
3.06000000e+03,-1.612200923267e+08,3.190820973361e+07,2.699988132614e+03,-8.767109930073e-01,1.643473543713e+08
3.24000000e+03,-1.607340692156e+08,3.190804692376e+07,2.700268924837e+03,-9.323684429091e-01,1.638705749462e+08
3.42000000e+03,-1.602479954176e+08,3.190787405176e+07,2.700551323422e+03,-9.885135281302e-01,1.633937983139e+08
3.60000000e+03,-1.597618706423e+08,3.190769102934e+07,2.700835342085e+03,-1.045151942620e+00,1.629170246505e+08
3.78000000e+03,-1.592756945967e+08,3.190749776718e+07,2.701120994692e+03,-1.102289463378e+00,1.624402541353e+08
3.96000000e+03,-1.587894669856e+08,3.190729417490e+07,2.701408295268e+03,-1.159931951904e+00,1.619634869503e+08
4.14000000e+03,-1.583031875110e+08,3.190708016108e+07,2.701697257996e+03,-1.218085355681e+00,1.614867232809e+08
4.32000000e+03,-1.578168558724e+08,3.190685563321e+07,2.701987897223e+03,-1.276755709685e+00,1.610099633152e+08
4.50000000e+03,-1.573304717668e+08,3.190662049770e+07,2.702280227455e+03,-1.335949137925e+00,1.605332072449e+08
4.68000000e+03,-1.568440348885e+08,3.190637465982e+07,2.702574263367e+03,-1.395671855021e+00,1.600564552646e+08
4.86000000e+03,-1.563575449291e+08,3.190611802375e+07,2.702870019802e+03,-1.455930167808e+00,1.595797075724e+08
5.04000000e+03,-1.558710015775e+08,3.190585049250e+07,2.703167511771e+03,-1.516730476974e+00,1.591029643697e+08
5.22000000e+03,-1.553844045201e+08,3.190557196793e+07,2.703466754461e+03,-1.578079278734e+00,1.586262258610e+08
5.40000000e+03,-1.548977534402e+08,3.190528235072e+07,2.703767763232e+03,-1.639983166538e+00,1.581494922547e+08
5.58000000e+03,-1.544110480187e+08,3.190498154035e+07,2.704070553624e+03,-1.702448832815e+00,1.576727637625e+08
5.76000000e+03,-1.539242879334e+08,3.190466943509e+07,2.704375141354e+03,-1.765483070749e+00,1.571960405997e+08
5.94000000e+03,-1.534374728593e+08,3.190434593198e+07,2.704681542327e+03,-1.829092776102e+00,1.567193229851e+08
6.12000000e+03,-1.529506024687e+08,3.190401092680e+07,2.704989772628e+03,-1.893284949063e+00,1.562426111416e+08
6.30000000e+03,-1.524636764308e+08,3.190366431409e+07,2.705299848534e+03,-1.958066696146e+00,1.557659052954e+08
6.48000000e+03,-1.519766944118e+08,3.190330598705e+07,2.705611786512e+03,-2.023445232122e+00,1.552892056769e+08
6.66000000e+03,-1.514896560752e+08,3.190293583762e+07,2.705925603222e+03,-2.089427881994e+00,1.548125125202e+08
6.84000000e+03,-1.510025610812e+08,3.190255375639e+07,2.706241315522e+03,-2.156022083015e+00,1.543358260635e+08
7.02000000e+03,-1.505154090872e+08,3.190215963259e+07,2.706558940468e+03,-2.223235386745e+00,1.538591465491e+08
7.20000000e+03,-1.500281997472e+08,3.190175335411e+07,2.706878495319e+03,-2.291075461159e+00,1.533824742231e+08
7.38000000e+03,-1.495409327123e+08,3.190133480742e+07,2.707199997538e+03,-2.359550092791e+00,1.529058093363e+08
7.56000000e+03,-1.490536076305e+08,3.190090387760e+07,2.707523464799e+03,-2.428667188933e+00,1.524291521434e+08
7.74000000e+03,-1.485662241464e+08,3.190046044827e+07,2.707848914984e+03,-2.498434779874e+00,1.519525029036e+08
7.92000000e+03,-1.480787819014e+08,3.190000440163e+07,2.708176366192e+03,-2.568861021191e+00,1.514758618805e+08
8.10000000e+03,-1.475912805337e+08,3.189953561836e+07,2.708505836738e+03,-2.639954196091e+00,1.509992293421e+08
8.28000000e+03,-1.471037196782e+08,3.189905397767e+07,2.708837345158e+03,-2.711722717797e+00,1.505226055613e+08
8.46000000e+03,-1.466160989664e+08,3.189855935722e+07,2.709170910213e+03,-2.784175131999e+00,1.500459908154e+08
8.64000000e+03,-1.461284180263e+08,3.189805163314e+07,2.709506550891e+03,-2.857320119342e+00,1.495693853866e+08
8.82000000e+03,-1.456406764827e+08,3.189753067997e+07,2.709844286408e+03,-2.931166497982e+00,1.490927895618e+08
9.00000000e+03,-1.451528739567e+08,3.189699637065e+07,2.710184136220e+03,-3.005723226191e+00,1.486162036332e+08
9.18000000e+03,-1.446650100660e+08,3.189644857651e+07,2.710526120015e+03,-3.080999405022e+00,1.481396278975e+08
9.36000000e+03,-1.441770844246e+08,3.189588716722e+07,2.710870257725e+03,-3.157004281033e+00,1.476630626570e+08
9.54000000e+03,-1.436890966431e+08,3.189531201076e+07,2.711216569527e+03,-3.233747249070e+00,1.471865082191e+08
9.72000000e+03,-1.432010463282e+08,3.189472297343e+07,2.711565075845e+03,-3.311237855111e+00,1.467099648963e+08
9.90000000e+03,-1.427129330832e+08,3.189411991977e+07,2.711915797358e+03,-3.389485799180e+00,1.462334330068e+08
1.00800000e+04,-1.422247565074e+08,3.189350271259e+07,2.712268754999e+03,-3.468500938314e+00,1.457569128741e+08
1.02600000e+04,-1.417365161963e+08,3.189287121288e+07,2.712623969962e+03,-3.548293289612e+00,1.452804048276e+08
1.04400000e+04,-1.412482117418e+08,3.189222527984e+07,2.712981463704e+03,-3.628873033335e+00,1.448039092021e+08
1.06200000e+04,-1.407598427317e+08,3.189156477081e+07,2.713341257951e+03,-3.710250516096e+00,1.443274263385e+08
1.08000000e+04,-1.402714087500e+08,3.189088954124e+07,2.713703374701e+03,-3.792436254101e+00,1.438509565835e+08
1.09800000e+04,-1.397829093765e+08,3.189019944470e+07,2.714067836228e+03,-3.875440936483e+00,1.433745002900e+08
1.11600000e+04,-1.392943441873e+08,3.188949433280e+07,2.714434665087e+03,-3.959275428696e+00,1.428980578168e+08
1.13400000e+04,-1.388057127540e+08,3.188877405518e+07,2.714803884119e+03,-4.043950775999e+00,1.424216295294e+08
1.15200000e+04,-1.383170146446e+08,3.188803845948e+07,2.715175516452e+03,-4.129478207011e+00,1.419452157994e+08
1.17000000e+04,-1.378282494223e+08,3.188728739130e+07,2.715549585509e+03,-4.215869137352e+00,1.414688170051e+08
1.18800000e+04,-1.373394166465e+08,3.188652069417e+07,2.715926115011e+03,-4.303135173369e+00,1.409924335313e+08
1.20600000e+04,-1.368505158722e+08,3.188573820952e+07,2.716305128984e+03,-4.391288115943e+00,1.405160657697e+08
1.22400000e+04,-1.363615466499e+08,3.188493977661e+07,2.716686651759e+03,-4.480339964389e+00,1.400397141189e+08
1.24200000e+04,-1.358725085259e+08,3.188412523255e+07,2.717070707980e+03,-4.570302920446e+00,1.395633789847e+08
1.26000000e+04,-1.353834010419e+08,3.188329441224e+07,2.717457322611e+03,-4.661189392359e+00,1.390870607798e+08
1.27800000e+04,-1.348942237352e+08,3.188244714829e+07,2.717846520936e+03,-4.753011999056e+00,1.386107599244e+08
1.29600000e+04,-1.344049761382e+08,3.188158327107e+07,2.718238328568e+03,-4.845783574423e+00,1.381344768463e+08
1.31400000e+04,-1.339156577792e+08,3.188070260858e+07,2.718632771451e+03,-4.939517171686e+00,1.376582119806e+08
1.33200000e+04,-1.334262681812e+08,3.187980498647e+07,2.719029875869e+03,-5.034226067884e+00,1.371819657704e+08
1.35000000e+04,-1.329368068630e+08,3.187889022796e+07,2.719429668449e+03,-5.129923768461e+00,1.367057386668e+08
1.36800000e+04,-1.324472733381e+08,3.187795815385e+07,2.719832176166e+03,-5.226624011959e+00,1.362295311287e+08
1.38600000e+04,-1.319576671154e+08,3.187700858243e+07,2.720237426351e+03,-5.324340774826e+00,1.357533436235e+08
1.40400000e+04,-1.314679876988e+08,3.187604132943e+07,2.720645446693e+03,-5.423088276335e+00,1.352771766268e+08
1.42200000e+04,-1.309782345871e+08,3.187505620803e+07,2.721056265250e+03,-5.522880983633e+00,1.348010306228e+08
1.44000000e+04,-1.304884072741e+08,3.187405302878e+07,2.721469910448e+03,-5.623733616894e+00,1.343249061046e+08
1.45800000e+04,-1.299985052484e+08,3.187303159954e+07,2.721886411095e+03,-5.725661154609e+00,1.338488035741e+08
1.47600000e+04,-1.295085279935e+08,3.187199172546e+07,2.722305796380e+03,-5.828678839004e+00,1.333727235422e+08
1.49400000e+04,-1.290184749873e+08,3.187093320892e+07,2.722728095884e+03,-5.932802181580e+00,1.328966665293e+08
1.51200000e+04,-1.285283457027e+08,3.186985584949e+07,2.723153339582e+03,-6.038046968801e+00,1.324206330650e+08
1.53000000e+04,-1.280381396070e+08,3.186875944387e+07,2.723581557856e+03,-6.144429267908e+00,1.319446236887e+08
1.54800000e+04,-1.275478561620e+08,3.186764378583e+07,2.724012781494e+03,-6.251965432890e+00,1.314686389496e+08
1.56600000e+04,-1.270574948239e+08,3.186650866619e+07,2.724447041703e+03,-6.360672110586e+00,1.309926794070e+08
1.58400000e+04,-1.265670550433e+08,3.186535387273e+07,2.724884370111e+03,-6.470566246954e+00,1.305167456304e+08
1.60200000e+04,-1.260765362651e+08,3.186417919017e+07,2.725324798778e+03,-6.581665093481e+00,1.300408381997e+08
1.62000000e+04,-1.255859379282e+08,3.186298440008e+07,2.725768360200e+03,-6.693986213761e+00,1.295649577056e+08
1.63800000e+04,-1.250952594659e+08,3.186176928084e+07,2.726215087318e+03,-6.807547490237e+00,1.290891047496e+08
1.65600000e+04,-1.246045003053e+08,3.186053360759e+07,2.726665013525e+03,-6.922367131107e+00,1.286132799444e+08
1.67400000e+04,-1.241136598675e+08,3.185927715217e+07,2.727118172673e+03,-7.038463677405e+00,1.281374839138e+08
1.69200000e+04,-1.236227375676e+08,3.185799968304e+07,2.727574599082e+03,-7.155856010264e+00,1.276617172936e+08
1.71000000e+04,-1.231317328142e+08,3.185670096523e+07,2.728034327546e+03,-7.274563358357e+00,1.271859807309e+08
1.72800000e+04,-1.226406450099e+08,3.185538076027e+07,2.728497393341e+03,-7.394605305531e+00,1.267102748854e+08
1.74600000e+04,-1.221494735507e+08,3.185403882617e+07,2.728963832237e+03,-7.516001798630e+00,1.262346004288e+08
1.76400000e+04,-1.216582178262e+08,3.185267491726e+07,2.729433680500e+03,-7.638773155526e+00,1.257589580453e+08
1.78200000e+04,-1.211668772194e+08,3.185128878422e+07,2.729906974905e+03,-7.762940073348e+00,1.252833484321e+08
1.80000000e+04,-1.206754511067e+08,3.184988017396e+07,2.730383752744e+03,-7.888523636922e+00,1.248077722996e+08
1.81800000e+04,-1.201839388576e+08,3.184844882955e+07,2.730864051833e+03,-8.015545327436e+00,1.243322303713e+08
1.83600000e+04,-1.196923398349e+08,3.184699449017e+07,2.731347910522e+03,-8.144027031322e+00,1.238567233846e+08
1.85400000e+04,-1.192006533944e+08,3.184551689101e+07,2.731835367704e+03,-8.273991049370e+00,1.233812520909e+08
1.87200000e+04,-1.187088788848e+08,3.184401576322e+07,2.732326462825e+03,-8.405460106081e+00,1.229058172555e+08
1.89000000e+04,-1.182170156476e+08,3.184249083381e+07,2.732821235893e+03,-8.538457359262e+00,1.224304196587e+08
1.90800000e+04,-1.177250630172e+08,3.184094182560e+07,2.733319727486e+03,-8.673006409876e+00,1.219550600954e+08
1.92600000e+04,-1.172330203206e+08,3.183936845709e+07,2.733821978765e+03,-8.809131312142e+00,1.214797393757e+08
1.94400000e+04,-1.167408868773e+08,3.183777044244e+07,2.734328031480e+03,-8.946856583916e+00,1.210044583254e+08
1.96200000e+04,-1.162486619992e+08,3.183614749134e+07,2.734837927986e+03,-9.086207217332e+00,1.205292177860e+08
1.98000000e+04,-1.157563449905e+08,3.183449930893e+07,2.735351711247e+03,-9.227208689733e+00,1.200540186153e+08
1.99800000e+04,-1.152639351478e+08,3.183282559574e+07,2.735869424850e+03,-9.369886974894e+00,1.195788616874e+08
2.01600000e+04,-1.147714317596e+08,3.183112604757e+07,2.736391113017e+03,-9.514268554542e+00,1.191037478937e+08
2.03400000e+04,-1.142788341065e+08,3.182940035539e+07,2.736916820614e+03,-9.660380430182e+00,1.186286781427e+08
2.05200000e+04,-1.137861414608e+08,3.182764820529e+07,2.737446593162e+03,-9.808250135252e+00,1.181536533604e+08
2.07000000e+04,-1.132933530868e+08,3.182586927834e+07,2.737980476848e+03,-9.957905747595e+00,1.176786744912e+08
2.08800000e+04,-1.128004682402e+08,3.182406325050e+07,2.738518518542e+03,-1.010937590227e+01,1.172037424976e+08
2.10600000e+04,-1.123074861684e+08,3.182222979254e+07,2.739060765801e+03,-1.026268980472e+01,1.167288583612e+08
2.12400000e+04,-1.118144061099e+08,3.182036856992e+07,2.739607266888e+03,-1.041787724430e+01,1.162540230828e+08
2.14200000e+04,-1.113212272947e+08,3.181847924266e+07,2.740158070779e+03,-1.057496860814e+01,1.157792376830e+08
2.16000000e+04,-1.108279489438e+08,3.181656146528e+07,2.740713227180e+03,-1.073399489546e+01,1.153045032023e+08
2.17800000e+04,-1.103345702693e+08,3.181461488666e+07,2.741272786538e+03,-1.089498773220e+01,1.148298207022e+08
2.19600000e+04,-1.098410904739e+08,3.181263914993e+07,2.741836800055e+03,-1.105797938610e+01,1.143551912649e+08
2.21400000e+04,-1.093475087514e+08,3.181063389235e+07,2.742405319698e+03,-1.122300278221e+01,1.138806159943e+08
2.23200000e+04,-1.088538242859e+08,3.180859874518e+07,2.742978398218e+03,-1.139009151878e+01,1.134060960164e+08
2.25000000e+04,-1.083600362519e+08,3.180653333359e+07,2.743556089163e+03,-1.155927988367e+01,1.129316324797e+08
2.26800000e+04,-1.078661438144e+08,3.180443727651e+07,2.744138446887e+03,-1.173060287111e+01,1.124572265557e+08
2.28600000e+04,-1.073721461283e+08,3.180231018651e+07,2.744725526571e+03,-1.190409619906e+01,1.119828794395e+08
2.30400000e+04,-1.068780423387e+08,3.180015166965e+07,2.745317384234e+03,-1.207979632695e+01,1.115085923504e+08
2.32200000e+04,-1.063838315805e+08,3.179796132537e+07,2.745914076751e+03,-1.225774047402e+01,1.110343665322e+08
2.34000000e+04,-1.058895129781e+08,3.179573874634e+07,2.746515661866e+03,-1.243796663805e+01,1.105602032542e+08
2.35800000e+04,-1.053950856457e+08,3.179348351831e+07,2.747122198207e+03,-1.262051361481e+01,1.100861038114e+08
2.37600000e+04,-1.049005486867e+08,3.179119522000e+07,2.747733745306e+03,-1.280542101785e+01,1.096120695252e+08
2.39400000e+04,-1.044059011938e+08,3.178887342288e+07,2.748350363612e+03,-1.299272929906e+01,1.091381017440e+08
2.41200000e+04,-1.039111422485e+08,3.178651769111e+07,2.748972114509e+03,-1.318247976969e+01,1.086642018443e+08
2.43000000e+04,-1.034162709215e+08,3.178412758130e+07,2.749599060333e+03,-1.337471462199e+01,1.081903712304e+08
2.44800000e+04,-1.029212862719e+08,3.178170264239e+07,2.750231264389e+03,-1.356947695160e+01,1.077166113359e+08
2.46600000e+04,-1.024261873476e+08,3.177924241550e+07,2.750868790969e+03,-1.376681078037e+01,1.072429236242e+08
2.48400000e+04,-1.019309731845e+08,3.177674643372e+07,2.751511705369e+03,-1.396676108011e+01,1.067693095888e+08
2.50200000e+04,-1.014356428070e+08,3.177421422197e+07,2.752160073911e+03,-1.416937379678e+01,1.062957707547e+08
2.52000000e+04,-1.009401952273e+08,3.177164529680e+07,2.752813963957e+03,-1.437469587561e+01,1.058223086785e+08
2.53800000e+04,-1.004446294453e+08,3.176903916622e+07,2.753473443932e+03,-1.458277528681e+01,1.053489249495e+08
2.55600000e+04,-9.994894444858e+07,3.176639532953e+07,2.754138583341e+03,-1.479366105211e+01,1.048756211906e+08
2.57400000e+04,-9.945313921215e+07,3.176371327707e+07,2.754809452792e+03,-1.500740327207e+01,1.044023990587e+08
2.59200000e+04,-9.895721269815e+07,3.176099249011e+07,2.755486124011e+03,-1.522405315424e+01,1.039292602459e+08
2.61000000e+04,-9.846116385571e+07,3.175823244056e+07,2.756168669870e+03,-1.544366304208e+01,1.034562064803e+08
2.62800000e+04,-9.796499162076e+07,3.175543259083e+07,2.756857164402e+03,-1.566628644485e+01,1.029832395268e+08
2.64600000e+04,-9.746869491579e+07,3.175259239357e+07,2.757551682826e+03,-1.589197806834e+01,1.025103611878e+08
2.66400000e+04,-9.697227264963e+07,3.174971129150e+07,2.758252301566e+03,-1.612079384652e+01,1.020375733046e+08
2.68200000e+04,-9.647572371725e+07,3.174678871714e+07,2.758959098279e+03,-1.635279097420e+01,1.015648777580e+08
2.70000000e+04,-9.597904699955e+07,3.174382409260e+07,2.759672151872e+03,-1.658802794064e+01,1.010922764694e+08
2.71800000e+04,-9.548224136307e+07,3.174081682934e+07,2.760391542526e+03,-1.682656456422e+01,1.006197714016e+08
2.73600000e+04,-9.498530565985e+07,3.173776632795e+07,2.761117351725e+03,-1.706846202814e+01,1.001473645604e+08
2.75400000e+04,-9.448823872710e+07,3.173467197785e+07,2.761849662275e+03,-1.731378291725e+01,9.967505799504e+07
2.77200000e+04,-9.399103938704e+07,3.173153315710e+07,2.762588558329e+03,-1.756259125600e+01,9.920285379961e+07
2.79000000e+04,-9.349370644659e+07,3.172834923207e+07,2.763334125415e+03,-1.781495254759e+01,9.873075411417e+07
2.80800000e+04,-9.299623869716e+07,3.172511955724e+07,2.764086450460e+03,-1.807093381426e+01,9.825876112585e+07
2.82600000e+04,-9.249863491440e+07,3.172184347485e+07,2.764845621817e+03,-1.833060363897e+01,9.778687707010e+07
2.84400000e+04,-9.200089385791e+07,3.171852031467e+07,2.765611729288e+03,-1.859403220826e+01,9.731510423189e+07
2.86200000e+04,-9.150301427099e+07,3.171514939369e+07,2.766384864159e+03,-1.886129135650e+01,9.684344494700e+07
2.88000000e+04,-9.100499488038e+07,3.171173001581e+07,2.767165119217e+03,-1.913245461160e+01,9.637190160331e+07
2.89800000e+04,-9.050683439598e+07,3.170826147154e+07,2.767952588789e+03,-1.940759724203e+01,9.590047664218e+07
2.91600000e+04,-9.000853151059e+07,3.170474303770e+07,2.768747368762e+03,-1.968679630549e+01,9.542917255980e+07
2.93400000e+04,-8.951008489956e+07,3.170117397704e+07,2.769549556618e+03,-1.997013069897e+01,9.495799190863e+07
2.95200000e+04,-8.901149322059e+07,3.169755353797e+07,2.770359251461e+03,-2.025768121055e+01,9.448693729889e+07
2.97000000e+04,-8.851275511338e+07,3.169388095416e+07,2.771176554047e+03,-2.054953057278e+01,9.401601140003e+07
2.98800000e+04,-8.801386919935e+07,3.169015544424e+07,2.772001566815e+03,-2.084576351781e+01,9.354521694235e+07
3.00600000e+04,-8.751483408130e+07,3.168637621138e+07,2.772834393922e+03,-2.114646683425e+01,9.307455671856e+07
3.02400000e+04,-8.701564834316e+07,3.168254244293e+07,2.773675141269e+03,-2.145172942597e+01,9.260403358545e+07
3.04200000e+04,-8.651631054962e+07,3.167865331008e+07,2.774523916538e+03,-2.176164237270e+01,9.213365046561e+07
3.06000000e+04,-8.601681924582e+07,3.167470796738e+07,2.775380829222e+03,-2.207629899271e+01,9.166341034919e+07
3.07800000e+04,-8.551717295704e+07,3.167070555240e+07,2.776245990661e+03,-2.239579490742e+01,9.119331629568e+07
3.09600000e+04,-8.501737018834e+07,3.166664518530e+07,2.777119514075e+03,-2.272022810828e+01,9.072337143580e+07
3.11400000e+04,-8.451740942423e+07,3.166252596835e+07,2.778001514598e+03,-2.304969902570e+01,9.025357897345e+07
3.13200000e+04,-8.401728912833e+07,3.165834698555e+07,2.778892109316e+03,-2.338431060037e+01,8.978394218768e+07
3.15000000e+04,-8.351700774298e+07,3.165410730211e+07,2.779791417298e+03,-2.372416835692e+01,8.931446443469e+07
3.16800000e+04,-8.301656368894e+07,3.164980596402e+07,2.780699559637e+03,-2.406938047996e+01,8.884514915004e+07
3.18600000e+04,-8.251595536498e+07,3.164544199757e+07,2.781616659486e+03,-2.442005789276e+01,8.837599985074e+07
3.20400000e+04,-8.201518114749e+07,3.164101440880e+07,2.782542842093e+03,-2.477631433850e+01,8.790702013755e+07
3.22200000e+04,-8.151423939015e+07,3.163652218303e+07,2.783478234841e+03,-2.513826646426e+01,8.743821369727e+07
3.24000000e+04,-8.101312842351e+07,3.163196428433e+07,2.784422967286e+03,-2.550603390783e+01,8.696958430516e+07
3.25800000e+04,-8.051184655460e+07,3.162733965492e+07,2.785377171198e+03,-2.587973938750e+01,8.650113582738e+07
3.27600000e+04,-8.001039206651e+07,3.162264721469e+07,2.786340980598e+03,-2.625950879482e+01,8.603287222356e+07
3.29400000e+04,-7.950876321805e+07,3.161788586056e+07,2.787314531798e+03,-2.664547129059e+01,8.556479754941e+07
3.31200000e+04,-7.900695824322e+07,3.161305446589e+07,2.788297963444e+03,-2.703775940404e+01,8.509691595945e+07
3.33000000e+04,-7.850497535091e+07,3.160815187988e+07,2.789291416556e+03,-2.743650913549e+01,8.462923170979e+07
3.34800000e+04,-7.800281272437e+07,3.160317692694e+07,2.790295034568e+03,-2.784186006246e+01,8.416174916107e+07
3.36600000e+04,-7.750046852083e+07,3.159812840601e+07,2.791308963372e+03,-2.825395544948e+01,8.369447278137e+07
3.38400000e+04,-7.699794087103e+07,3.159300508991e+07,2.792333351361e+03,-2.867294236164e+01,8.322740714938e+07
3.40200000e+04,-7.649522787877e+07,3.158780572464e+07,2.793368349469e+03,-2.909897178213e+01,8.276055695752e+07
3.42000000e+04,-7.599232762045e+07,3.158252902865e+07,2.794414111217e+03,-2.953219873381e+01,8.229392701526e+07
3.43800000e+04,-7.548923814460e+07,3.157717369213e+07,2.795470792754e+03,-2.997278240503e+01,8.182752225251e+07
3.45600000e+04,-7.498595747141e+07,3.157173837623e+07,2.796538552903e+03,-3.042088627980e+01,8.136134772313e+07
3.47400000e+04,-7.448248359223e+07,3.156622171225e+07,2.797617553205e+03,-3.087667827262e+01,8.089540860858e+07
3.49200000e+04,-7.397881446908e+07,3.156062230088e+07,2.798707957960e+03,-3.134033086790e+01,8.042971022164e+07
3.51000000e+04,-7.347494803417e+07,3.155493871134e+07,2.799809934277e+03,-3.181202126439e+01,7.996425801031e+07
3.52800000e+04,-7.297088218936e+07,3.154916948052e+07,2.800923652113e+03,-3.229193152464e+01,7.949905756179e+07
3.54600000e+04,-7.246661480567e+07,3.154331311207e+07,2.802049284322e+03,-3.278024872979e+01,7.903411460665e+07
3.56400000e+04,-7.196214372273e+07,3.153736807553e+07,2.803187006697e+03,-3.327716513977e+01,7.856943502310e+07
3.58200000e+04,-7.145746674827e+07,3.153133280533e+07,2.804336998014e+03,-3.378287835929e+01,7.810502484138e+07
3.60000000e+04,-7.095258165757e+07,3.152520569984e+07,2.805499440079e+03,-3.429759150964e+01,7.764089024843e+07
3.61800000e+04,-7.044748619288e+07,3.151898512039e+07,2.806674517771e+03,-3.482151340667e+01,7.717703759252e+07
3.63600000e+04,-6.994217806294e+07,3.151266939015e+07,2.807862419085e+03,-3.535485874511e+01,7.671347338822e+07
3.65400000e+04,-6.943665494233e+07,3.150625679314e+07,2.809063335176e+03,-3.589784828952e+01,7.625020432144e+07
3.67200000e+04,-6.893091447094e+07,3.149974557305e+07,2.810277460403e+03,-3.645070907205e+01,7.578723725466e+07
3.69000000e+04,-6.842495425340e+07,3.149313393216e+07,2.811504992366e+03,-3.701367459731e+01,7.532457923238e+07
3.70800000e+04,-6.791877185847e+07,3.148642003009e+07,2.812746131957e+03,-3.758698505467e+01,7.486223748672e+07
3.72600000e+04,-6.741236481844e+07,3.147960198261e+07,2.814001083391e+03,-3.817088753814e+01,7.440021944322e+07
3.74400000e+04,-6.690573062855e+07,3.147267786040e+07,2.815270054250e+03,-3.876563627426e+01,7.393853272686e+07
3.76200000e+04,-6.639886674637e+07,3.146564568770e+07,2.816553255522e+03,-3.937149285816e+01,7.347718516829e+07
3.78000000e+04,-6.589177059117e+07,3.145850344098e+07,2.817850901635e+03,-3.998872649826e+01,7.301618481027e+07
3.79800000e+04,-6.538443954333e+07,3.145124904755e+07,2.819163210494e+03,-4.061761426975e+01,7.255553991433e+07
3.81600000e+04,-6.487687094367e+07,3.144388038413e+07,2.820490403512e+03,-4.125844137731e+01,7.209525896768e+07
3.83400000e+04,-6.436906209285e+07,3.143639527534e+07,2.821832705648e+03,-4.191150142741e+01,7.163535069037e+07
3.85200000e+04,-6.386101025072e+07,3.142879149218e+07,2.823190345426e+03,-4.257709671043e+01,7.117582404273e+07
3.87000000e+04,-6.335271263568e+07,3.142106675042e+07,2.824563554971e+03,-4.325553849309e+01,7.071668823297e+07
3.88800000e+04,-6.284416642399e+07,3.141321870900e+07,2.825952570028e+03,-4.394714732153e+01,7.025795272520e+07
3.90600000e+04,-6.233536874918e+07,3.140524496827e+07,2.827357629981e+03,-4.465225333538e+01,6.979962724762e+07
3.92400000e+04,-6.182631670134e+07,3.139714306830e+07,2.828778977877e+03,-4.537119659325e+01,6.934172180110e+07
3.94200000e+04,-6.131700732650e+07,3.138891048700e+07,2.830216860433e+03,-4.610432741015e+01,6.888424666797e+07
3.96000000e+04,-6.080743762594e+07,3.138054463828e+07,2.831671528048e+03,-4.685200670708e+01,6.842721242124e+07
3.97800000e+04,-6.029760455553e+07,3.137204287014e+07,2.833143234808e+03,-4.761460637337e+01,6.797062993405e+07
3.99600000e+04,-5.978750502508e+07,3.136340246257e+07,2.834632238486e+03,-4.839250964216e+01,6.751451038954e+07
4.01400000e+04,-5.927713589767e+07,3.135462062556e+07,2.836138800535e+03,-4.918611147955e+01,6.705886529106e+07
4.03200000e+04,-5.876649398900e+07,3.134569449692e+07,2.837663186080e+03,-4.999581898777e+01,6.660370647274e+07
4.05000000e+04,-5.825557606669e+07,3.133662114005e+07,2.839205663893e+03,-5.082205182296e+01,6.614904611044e+07
4.06800000e+04,-5.774437884968e+07,3.132739754165e+07,2.840766506376e+03,-5.166524262803e+01,6.569489673316e+07
4.08600000e+04,-5.723289900753e+07,3.131802060934e+07,2.842345989524e+03,-5.252583748108e+01,6.524127123482e+07
4.10400000e+04,-5.672113315983e+07,3.130848716921e+07,2.843944392882e+03,-5.340429635994e+01,6.478818288645e+07
4.12200000e+04,-5.620907787552e+07,3.129879396327e+07,2.845561999499e+03,-5.430109362327e+01,6.433564534892e+07
4.14000000e+04,-5.569672967226e+07,3.128893764679e+07,2.847199095865e+03,-5.521671850892e+01,6.388367268610e+07
4.15800000e+04,-5.518408501588e+07,3.127891478562e+07,2.848855971841e+03,-5.615167564983e+01,6.343227937842e+07
4.17600000e+04,-5.467114031971e+07,3.126872185336e+07,2.850532920577e+03,-5.710648560830e+01,6.298148033712e+07
4.19400000e+04,-5.415789194402e+07,3.125835522841e+07,2.852230238415e+03,-5.808168542898e+01,6.253129091885e+07
4.21200000e+04,-5.364433619548e+07,3.124781119099e+07,2.853948224782e+03,-5.907782921115e+01,6.208172694094e+07
4.23000000e+04,-5.313046932658e+07,3.123708592000e+07,2.855687182066e+03,-6.009548870098e+01,6.163280469716e+07
4.24800000e+04,-5.261628753512e+07,3.122617548978e+07,2.857447415479e+03,-6.113525390414e+01,6.118454097410e+07
4.26600000e+04,-5.210178696374e+07,3.121507586680e+07,2.859229232895e+03,-6.219773371938e+01,6.073695306821e+07
4.28400000e+04,-5.158696369941e+07,3.120378290617e+07,2.861032944683e+03,-6.328355659365e+01,6.029005880337e+07
4.30200000e+04,-5.107181377305e+07,3.119229234807e+07,2.862858863505e+03,-6.439337119923e+01,5.984387654920e+07
4.32000000e+04,-5.055633315909e+07,3.118059981403e+07,2.864707304104e+03,-6.552784713333e+01,5.939842524007e+07
4.33800000e+04,-5.004051777514e+07,3.116870080314e+07,2.866578583064e+03,-6.668767564072e+01,5.895372439470e+07
4.35600000e+04,-4.952436348168e+07,3.115659068804e+07,2.868473018545e+03,-6.787357035990e+01,5.850979413667e+07
4.37400000e+04,-4.900786608181e+07,3.114426471087e+07,2.870390929991e+03,-6.908626809293e+01,5.806665521554e+07
4.39200000e+04,-4.849102132103e+07,3.113171797898e+07,2.872332637814e+03,-7.032652959981e+01,5.762432902883e+07
4.41000000e+04,-4.797382488711e+07,3.111894546056e+07,2.874298463037e+03,-7.159514041717e+01,5.718283764483e+07
4.42800000e+04,-4.745627241000e+07,3.110594198014e+07,2.876288726916e+03,-7.289291170206e+01,5.674220382620e+07
4.44600000e+04,-4.693835946183e+07,3.109270221383e+07,2.878303750516e+03,-7.422068110064e+01,5.630245105453e+07
4.46400000e+04,-4.642008155702e+07,3.107922068455e+07,2.880343854255e+03,-7.557931364227e+01,5.586360355571e+07
4.48200000e+04,-4.590143415238e+07,3.106549175697e+07,2.882409357405e+03,-7.696970265874e+01,5.542568632632e+07
4.50000000e+04,-4.538241264741e+07,3.105150963232e+07,2.884500577545e+03,-7.839277072883e+01,5.498872516094e+07
4.51800000e+04,-4.486301238463e+07,3.103726834310e+07,2.886617829975e+03,-7.984947064791e+01,5.455274668049e+07
4.53600000e+04,-4.434322865006e+07,3.102276174747e+07,2.888761427072e+03,-8.134078642228e+01,5.411777836158e+07
4.55400000e+04,-4.382305667383e+07,3.100798352363e+07,2.890931677595e+03,-8.286773428798e+01,5.368384856693e+07
4.57200000e+04,-4.330249163084e+07,3.099292716385e+07,2.893128885933e+03,-8.443136375323e+01,5.325098657692e+07
4.59000000e+04,-4.278152864167e+07,3.097758596841e+07,2.895353351286e+03,-8.603275866387e+01,5.281922262220e+07
4.60800000e+04,-4.226016277359e+07,3.096195303934e+07,2.897605366789e+03,-8.767303829078e+01,5.238858791756e+07
4.62600000e+04,-4.173838904170e+07,3.094602127393e+07,2.899885218556e+03,-8.935335843801e+01,5.195911469691e+07
4.64400000e+04,-4.121620241032e+07,3.092978335804e+07,2.902193184652e+03,-9.107491257007e+01,5.153083624950e+07
4.66200000e+04,-4.069359779453e+07,3.091323175925e+07,2.904529533990e+03,-9.283893295672e+01,5.110378695748e+07
4.68000000e+04,-4.017057006191e+07,3.089635871974e+07,2.906894525129e+03,-9.464669183303e+01,5.067800233463e+07
4.69800000e+04,-3.964711403452e+07,3.087915624900e+07,2.909288404999e+03,-9.649950257218e+01,5.025351906648e+07
4.71600000e+04,-3.912322449113e+07,3.086161611632e+07,2.911711407509e+03,-9.839872086821e+01,4.983037505176e+07
4.73400000e+04,-3.859889616970e+07,3.084372984309e+07,2.914163752070e+03,-1.003457459253e+02,4.940860944521e+07
4.75200000e+04,-3.807412377009e+07,3.082548869481e+07,2.916645641994e+03,-1.023420216499e+02,4.898826270181e+07
4.77000000e+04,-3.754890195718e+07,3.080688367298e+07,2.919157262789e+03,-1.043890378406e+02,4.856937662236e+07
4.78800000e+04,-3.702322536417e+07,3.078790550672e+07,2.921698780317e+03,-1.064883313721e+02,4.815199440060e+07
4.80600000e+04,-3.649708859632e+07,3.076854464417e+07,2.924270338837e+03,-1.086414873663e+02,4.773616067163e+07
4.82400000e+04,-3.597048623503e+07,3.074879124373e+07,2.926872058895e+03,-1.108501403445e+02,4.732192156194e+07
4.84200000e+04,-3.544341284231e+07,3.072863516506e+07,2.929504035079e+03,-1.131159753540e+02,4.690932474075e+07
4.86000000e+04,-3.491586296565e+07,3.070806595988e+07,2.932166333616e+03,-1.154407290604e+02,4.649841947293e+07
4.87800000e+04,-3.438783114336e+07,3.068707286258e+07,2.934858989806e+03,-1.178261907969e+02,4.608925667328e+07
4.89600000e+04,-3.385931191039e+07,3.066564478066e+07,2.937582005287e+03,-1.202742035603e+02,4.568188896231e+07
4.91399999e+04,-3.333029980465e+07,3.064377028497e+07,2.940335345121e+03,-1.227866649431e+02,4.527637072333e+07
4.93199999e+04,-3.280078937385e+07,3.062143759984e+07,2.943118934694e+03,-1.253655279881e+02,4.487275816104e+07
4.94999999e+04,-3.227077518294e+07,3.059863459297e+07,2.945932656415e+03,-1.280128019532e+02,4.447110936137e+07
4.96799999e+04,-3.174025182218e+07,3.057534876531e+07,2.948776346220e+03,-1.307305529705e+02,4.407148435258e+07
4.98599999e+04,-3.120921391582e+07,3.055156724073e+07,2.951649789848e+03,-1.335209045827e+02,4.367394516762e+07
5.00399999e+04,-3.067765613148e+07,3.052727675569e+07,2.954552718913e+03,-1.363860381393e+02,4.327855590757e+07
5.02199999e+04,-3.014557319028e+07,3.050246364874e+07,2.957484806736e+03,-1.393281930322e+02,4.288538280607e+07
5.03999999e+04,-2.961295987771e+07,3.047711385016e+07,2.960445663942e+03,-1.423496667486e+02,4.249449429475e+07
5.05799999e+04,-2.907981105533e+07,3.045121287144e+07,2.963434833823e+03,-1.454528147177e+02,4.210596106926e+07
5.07599999e+04,-2.854612167336e+07,3.042474579489e+07,2.966451787439e+03,-1.486400499251e+02,4.171985615603e+07
5.09399999e+04,-2.801188678407e+07,3.039769726338e+07,2.969495918478e+03,-1.519138422673e+02,4.133625497935e+07
5.11199999e+04,-2.747710155628e+07,3.037005147012e+07,2.972566537853e+03,-1.552767176149e+02,4.095523542868e+07
5.12999999e+04,-2.694176129069e+07,3.034179214874e+07,2.975662868045e+03,-1.587312565530e+02,4.057687792590e+07
5.14799999e+04,-2.640586143636e+07,3.031290256353e+07,2.978784037184e+03,-1.622800927639e+02,4.020126549221e+07
5.16599999e+04,-2.586939760823e+07,3.028336550011e+07,2.981929072879e+03,-1.659259110128e+02,3.982848381444e+07
5.18399999e+04,-2.533236560582e+07,3.025316325643e+07,2.985096895789e+03,-1.696714446995e+02,3.945862131033e+07
5.20199999e+04,-2.479476143303e+07,3.022227763423e+07,2.988286312958e+03,-1.735194729304e+02,3.909176919247e+07
5.21999999e+04,-2.425658131925e+07,3.019068993119e+07,2.991496010916e+03,-1.774728170696e+02,3.872802153044e+07
5.23799999e+04,-2.371782174167e+07,3.015838093363e+07,2.994724548556e+03,-1.815343367193e+02,3.836747531066e+07
5.25599999e+04,-2.317847944891e+07,3.012533091003e+07,2.997970349820e+03,-1.857069250812e+02,3.801023049348e+07
5.27399999e+04,-2.263855148598e+07,3.009151960546e+07,3.001231696204e+03,-1.899935036489e+02,3.765639006690e+07
5.29199999e+04,-2.209803522063e+07,3.005692623705e+07,3.004506719121e+03,-1.943970161772e+02,3.730606009625e+07
5.30999999e+04,-2.155692837104e+07,3.002152949053e+07,3.007793392153e+03,-1.989204218747e+02,3.695934976926e+07
5.32799999e+04,-2.101522903492e+07,2.998530751815e+07,3.011089523226e+03,-2.035666877652e+02,3.661637143565e+07
5.34599999e+04,-2.047293572007e+07,2.994823793803e+07,3.014392746783e+03,-2.083387801633e+02,3.627724064061e+07
5.36399999e+04,-1.993004737627e+07,2.991029783513e+07,3.017700515972e+03,-2.132396552083e+02,3.594207615106e+07
5.38199999e+04,-1.938656342864e+07,2.987146376397e+07,3.021010094955e+03,-2.182722484046e+02,3.561099997402e+07
5.39999999e+04,-1.884248381234e+07,2.983171175342e+07,3.024318551381e+03,-2.234394631170e+02,3.528413736596e+07
5.41799999e+04,-1.829780900855e+07,2.979101731356e+07,3.027622749129e+03,-2.287441579727e+02,3.496161683214e+07
5.43599999e+04,-1.775254008185e+07,2.974935544496e+07,3.030919341394e+03,-2.341891331279e+02,3.464357011475e+07
5.45399999e+04,-1.720667871866e+07,2.970670065055e+07,3.034204764243e+03,-2.397771153616e+02,3.433013216886e+07
5.47199999e+04,-1.666022726692e+07,2.966302695022e+07,3.037475230737e+03,-2.455107419669e+02,3.402144112483e+07
5.48999999e+04,-1.611318877668e+07,2.961830789851e+07,3.040726725753e+03,-2.513925434204e+02,3.371763823590e+07
5.50799999e+04,-1.556556704157e+07,2.957251660546e+07,3.043955001644e+03,-2.574249248208e+02,3.341886780986e+07
5.52599999e+04,-1.501736664099e+07,2.952562576095e+07,3.047155574877e+03,-2.636101461023e+02,3.312527712326e+07
5.54399999e+04,-1.446859298278e+07,2.947760766272e+07,3.050323723809e+03,-2.699503010419e+02,3.283701631698e+07
5.56199999e+04,-1.391925234619e+07,2.942843424823e+07,3.053454487771e+03,-2.764472951009e+02,3.255423827174e+07
5.57999999e+04,-1.336935192486e+07,2.937807713061e+07,3.056542667615e+03,-2.831028221578e+02,3.227709846230e+07
5.59799999e+04,-1.281889986961e+07,2.932650763900e+07,3.059582827929e+03,-2.899183402159e+02,3.200575478900e+07
5.61599999e+04,-1.226790533060e+07,2.927369686318e+07,3.062569301073e+03,-2.968950461903e+02,3.174036738545e+07
5.63399999e+04,-1.171637849861e+07,2.921961570294e+07,3.065496193238e+03,-3.040338499100e+02,3.148109840127e+07
5.65199999e+04,-1.116433064507e+07,2.916423492212e+07,3.068357392701e+03,-3.113353474969e+02,3.122811175876e+07
5.66999999e+04,-1.061177416037e+07,2.910752520753e+07,3.071146580451e+03,-3.187997943166e+02,3.098157288256e+07
5.68799999e+04,-1.005872259000e+07,2.904945723273e+07,3.073857243347e+03,-3.264270777267e+02,3.074164840183e+07
5.70599999e+04,-9.505190668094e+06,2.899000172669e+07,3.076482689967e+03,-3.342166898826e+02,3.050850582401e+07
5.72399999e+04,-8.951194347950e+06,2.892912954741e+07,3.079016069267e+03,-3.421677008915e+02,3.028231318022e+07
5.74199999e+04,-8.396750828799e+06,2.886681176021e+07,3.081450392158e+03,-3.502787326408e+02,3.006323864209e+07
5.75999999e+04,-7.841878578519e+06,2.880301972070e+07,3.083778556086e+03,-3.585479336540e+02,2.985145011036e+07
5.77799999e+04,-7.286597351612e+06,2.873772516216e+07,3.085993372624e+03,-3.669729553588e+02,2.964711477573e+07
5.79599999e+04,-6.730928201949e+06,2.867090028701e+07,3.088087598110e+03,-3.755509301726e+02,2.945039865322e+07
5.81399999e+04,-6.174893489733e+06,2.860251786203e+07,3.090053967235e+03,-3.842784518321e+02,2.926146609111e+07
5.83199999e+04,-5.618516882161e+06,2.853255131692e+07,3.091885229506e+03,-3.931515584058e+02,2.908047925648e+07
5.84999999e+04,-5.061823347265e+06,2.846097484558e+07,3.093574188400e+03,-4.021657184327e+02,2.890759759942e+07
5.86799999e+04,-4.504839140488e+06,2.838776350966e+07,3.095113742990e+03,-4.113158206289e+02,2.874297729882e+07
5.88599999e+04,-3.947591783569e+06,2.831289334350e+07,3.096496931751e+03,-4.205961675871e+02,2.858677069265e+07
5.90399999e+04,-3.390110035364e+06,2.823634145994e+07,3.097716978178e+03,-4.300004738752e+02,2.843912569649e+07
5.92199999e+04,-2.832423854327e+06,2.815808615589e+07,3.098767337820e+03,-4.395218688988e+02,2.830018521423e+07
5.93999999e+04,-2.274564352442e+06,2.807810701712e+07,3.099641746218e+03,-4.491529048518e+02,2.817008654552e+07
5.95799999e+04,-1.716563740468e+06,2.799638502098e+07,3.100334267235e+03,-4.588855700142e+02,2.804896079459e+07
5.97599999e+04,-1.158455264509e+06,2.791290263631e+07,3.100839341166e+03,-4.687113075913e+02,2.793693228568e+07
5.99399999e+04,-6.002731339819e+05,2.782764391943e+07,3.101151832013e+03,-4.786210402038e+02,2.783411799039e+07
6.01199999e+04,-4.205244120127e+04,2.774059460524e+07,3.101267073261e+03,-4.886052000520e+02,2.774062697254e+07
6.02999999e+04,5.161709270867e+05,2.765174219232e+07,3.101180911469e+03,-4.986537646764e+02,2.765655985607e+07
6.04799999e+04,1.074360385773e+06,2.756107602117e+07,3.100889747004e+03,-5.087562981372e+02,2.758200832180e+07
6.06599999e+04,1.632478754477e+06,2.746858734453e+07,3.100390571251e+03,-5.189019973285e+02,2.751705463840e+07
6.08399999e+04,2.190488366971e+06,2.737426938898e+07,3.099680999656e+03,-5.290797430394e+02,2.746177123298e+07
6.10199999e+04,2.748351186133e+06,2.727811740683e+07,3.098759300010e+03,-5.392781552714e+02,2.741622030644e+07
6.11999999e+04,3.306028923522e+06,2.718012871792e+07,3.097624415454e+03,-5.494856522271e+02,2.738045349797e+07
6.13799999e+04,3.863483162580e+06,2.708030274030e+07,3.096275981737e+03,-5.596905123018e+02,2.735451160306e+07
6.15599999e+04,4.420675484405e+06,2.697864100971e+07,3.094714338382e+03,-5.698809383334e+02,2.733842434847e+07
6.17399999e+04,4.977567594958e+06,2.687514718725e+07,3.092940533490e+03,-5.800451233133e+02,2.733221022687e+07
6.19199999e+04,5.534121452549e+06,2.676982705520e+07,3.090956322045e+03,-5.901713167186e+02,2.733587639354e+07
6.20999999e+04,6.090299394437e+06,2.666268850088e+07,3.088764157670e+03,-6.002478906047e+02,2.734941862626e+07
6.22799999e+04,6.646064261355e+06,2.655374148873e+07,3.086367177941e+03,-6.102634046002e+02,2.737282134895e+07
6.24599999e+04,7.201379518834e+06,2.644299802081e+07,3.083769183452e+03,-6.202066689607e+02,2.740605771883e+07
6.26399999e+04,7.756209374204e+06,2.633047208624e+07,3.080974610937e+03,-6.300668048797e+02,2.744908977594e+07
6.28199999e+04,8.310518888275e+06,2.621617960007e+07,3.077988500885e+03,-6.398333013121e+02,2.750186865295e+07
6.29999999e+04,8.864274080710e+06,2.610013833223e+07,3.074816460143e+03,-6.494960676369e+02,2.756433484290e+07
6.31799999e+04,9.417442028272e+06,2.598236782750e+07,3.071464620103e+03,-6.590454815742e+02,2.763641852114e+07
6.33599999e+04,9.969990955188e+06,2.586288931727e+07,3.067939591116e+03,-6.684724318712e+02,2.771803991783e+07
6.35399999e+04,1.052189031503e+07,2.574172562415e+07,3.064248413842e+03,-6.777683553751e+02,2.780910973622e+07
6.37199999e+04,1.107311086359e+07,2.561890106041e+07,3.060398508250e+03,-6.869252682221e+02,2.790952961196e+07
6.38999999e+04,1.162362472248e+07,2.549444132133e+07,3.056397621001e+03,-6.959357909857e+02,2.801919260806e+07
6.40799999e+04,1.217340543308e+07,2.536837337462e+07,3.052253771965e+03,-7.047931677319e+02,2.813798374011e+07
6.42599999e+04,1.272242800092e+07,2.524072534694e+07,3.047975200547e+03,-7.134912790395e+02,2.826578052595e+07
6.44399999e+04,1.327066893039e+07,2.511152640855e+07,3.043570312517e+03,-7.220246491346e+02,2.840245355439e+07
6.46199999e+04,1.381810624997e+07,2.498080665729e+07,3.039047627960e+03,-7.303884473797e+02,2.854786706723e+07
6.47999999e+04,1.436471952825e+07,2.484859700271e+07,3.034415730900e+03,-7.385784844325e+02,2.870187954920e+07
6.49799999e+04,1.491048988107e+07,2.471492905132e+07,3.029683221111e+03,-7.465912034526e+02,2.886434432065e+07
6.51599999e+04,1.545539997021e+07,2.457983499393e+07,3.024858668524e+03,-7.544236667852e+02,2.903511012816e+07
6.53399999e+04,1.599943399411e+07,2.444334749567e+07,3.019950570602e+03,-7.620735385883e+02,2.921402172838e+07
6.55199999e+04,1.654257767128e+07,2.430549958950e+07,3.014967312941e+03,-7.695390638953e+02,2.940092046116e+07
6.56999999e+04,1.708481821683e+07,2.416632457378e+07,3.009917133313e+03,-7.768190446159e+02,2.959564480807e+07
6.58799999e+04,1.762614431291e+07,2.402585591437e+07,3.004808089282e+03,-7.839128129810e+02,2.979803093326e+07
6.60599999e+04,1.816654607363e+07,2.388412715176e+07,2.999648029459e+03,-7.908202029283e+02,3.000791320362e+07
6.62399999e+04,1.870601500513e+07,2.374117181339e+07,2.994444568408e+03,-7.975415199073e+02,3.022512468603e+07
6.64199999e+04,1.924454396149e+07,2.359702333167e+07,2.989205065147e+03,-8.040775095598e+02,3.044949761978e+07
6.65999999e+04,1.978212709701e+07,2.345171496756e+07,2.983936605169e+03,-8.104293257000e+02,3.068086386262e+07
6.67799999e+04,2.031875981567e+07,2.330527974000e+07,2.978645985827e+03,-8.165984979850e+02,3.091905530937e+07
6.69599999e+04,2.085443871813e+07,2.315775036122e+07,2.973339704936e+03,-8.225868996296e+02,3.116390428244e+07
6.71399999e+04,2.138916154709e+07,2.300915917774e+07,2.968023952390e+03,-8.283967154788e+02,3.141524389382e+07
6.73199999e+04,2.192292713123e+07,2.285953811711e+07,2.962704604582e+03,-8.340304107127e+02,3.167290837857e+07
6.74999999e+04,2.245573532857e+07,2.270891864020e+07,2.957387221415e+03,-8.394907004187e+02,3.193673339998e+07
6.76799999e+04,2.298758696933e+07,2.255733169891e+07,2.952077045648e+03,-8.447805202289e+02,3.220655632689e+07
6.78599999e+04,2.351848379900e+07,2.240480769897e+07,2.946779004373e+03,-8.499029981810e+02,3.248221648391e+07
6.80399999e+04,2.404842842176e+07,2.225137646778e+07,2.941497712357e+03,-8.548614279303e+02,3.276355537536e+07
6.82199999e+04,2.457742424472e+07,2.209706722688e+07,2.936237477047e+03,-8.596592434064e+02,3.305041688385e+07
6.83999999e+04,2.510547542313e+07,2.194190856889e+07,2.931002304996e+03,-8.642999949801e+02,3.334264744479e+07
6.85799999e+04,2.563258680691e+07,2.178592843856e+07,2.925795909517e+03,-8.687873271802e+02,3.364009619794e+07
6.87599999e+04,2.615876388862e+07,2.162915411771e+07,2.920621719354e+03,-8.731249579776e+02,3.394261511726e+07
6.89399999e+04,2.668401275310e+07,2.147161221377e+07,2.915482888188e+03,-8.773166596316e+02,3.425005912035e+07
6.91199999e+04,2.720834002886e+07,2.131332865162e+07,2.910382304805e+03,-8.813662410816e+02,3.456228615897e+07
6.92999999e+04,2.773175284134e+07,2.115432866842e+07,2.905322603780e+03,-8.852775318467e+02,3.487915729171e+07
6.94799999e+04,2.825425876815e+07,2.099463681130e+07,2.900306176517e+03,-8.890543673897e+02,3.520053674043e+07
6.96599999e+04,2.877586579631e+07,2.083427693745e+07,2.895335182534e+03,-8.927005758882e+02,3.552629193147e+07
6.98399999e+04,2.929658228156e+07,2.067327221658e+07,2.890411560864e+03,-8.962199663516e+02,3.585629352315e+07
7.00199999e+04,2.981641690966e+07,2.051164513527e+07,2.885537041493e+03,-8.996163180156e+02,3.619041542064e+07
7.01999999e+04,3.033537865980e+07,2.034941750326e+07,2.880713156725e+03,-9.028933709418e+02,3.652853477936e+07
7.03799999e+04,3.085347677006e+07,2.018661046121e+07,2.875941252415e+03,-9.060548177506e+02,3.687053199817e+07
7.05599999e+04,3.137072070480e+07,2.002324448994e+07,2.871222499002e+03,-9.091042964094e+02,3.721629070319e+07
7.07399999e+04,3.188712012410e+07,1.985933942083e+07,2.866557902288e+03,-9.120453840055e+02,3.756569772350e+07
7.09199999e+04,3.240268485505e+07,1.969491444726e+07,2.861948313918e+03,-9.148815914259e+02,3.791864305942e+07
7.10999999e+04,3.291742486492e+07,1.952998813695e+07,2.857394441529e+03,-9.176163588750e+02,3.827501984445e+07
7.12799999e+04,3.343135023614e+07,1.936457844504e+07,2.852896858539e+03,-9.202530521590e+02,3.863472430151e+07
7.14599999e+04,3.394447114298e+07,1.919870272775e+07,2.848456013555e+03,-9.227949596707e+02,3.899765569440e+07
7.16399999e+04,3.445679782989e+07,1.903237775653e+07,2.844072239385e+03,-9.252452900104e+02,3.936371627503e+07
7.18199999e+04,3.496834059149e+07,1.886561973260e+07,2.839745761645e+03,-9.276071701822e+02,3.973281122718e+07
7.19999999e+04,3.547910975395e+07,1.869844430177e+07,2.835476706960e+03,-9.298836443092e+02,4.010484860729e+07
7.21799999e+04,3.598911565791e+07,1.853086656945e+07,2.831265110748e+03,-9.320776728135e+02,4.047973928286e+07
7.23599999e+04,3.649836864276e+07,1.836290111571e+07,2.827110924603e+03,-9.341921320108e+02,4.085739686895e+07
7.25399999e+04,3.700687903213e+07,1.819456201046e+07,2.823014023272e+03,-9.362298140733e+02,4.123773766319e+07
7.27199999e+04,3.751465712069e+07,1.802586282860e+07,2.818974211236e+03,-9.381934273181e+02,4.162068057969e+07
7.28999999e+04,3.802171316208e+07,1.785681666502e+07,2.814991228911e+03,-9.400855967807e+02,4.200614708230e+07
7.30799999e+04,3.852805735787e+07,1.768743614953e+07,2.811064758472e+03,-9.419088650375e+02,4.239406111739e+07
7.32599999e+04,3.903369984760e+07,1.751773346164e+07,2.807194429315e+03,-9.436656932441e+02,4.278434904655e+07
7.34399999e+04,3.953865069973e+07,1.734772034507e+07,2.803379823173e+03,-9.453584623585e+02,4.317693957939e+07
7.36199999e+04,4.004291990352e+07,1.717740812211e+07,2.799620478896e+03,-9.469894745219e+02,4.357176370675e+07
7.37999999e+04,4.054651736167e+07,1.700680770762e+07,2.795915896918e+03,-9.485609545710e+02,4.396875463439e+07
7.39799999e+04,4.104945288386e+07,1.683592962284e+07,2.792265543408e+03,-9.500750516612e+02,4.436784771744e+07
7.41599999e+04,4.155173618083e+07,1.666478400883e+07,2.788668854141e+03,-9.515338409782e+02,4.476898039568e+07
7.43399999e+04,4.205337685935e+07,1.649338063967e+07,2.785125238090e+03,-9.529393255206e+02,4.517209212984e+07
7.45199999e+04,4.255438441762e+07,1.632172893522e+07,2.781634080756e+03,-9.542934379373e+02,4.557712433895e+07
7.46999999e+04,4.305476824136e+07,1.614983797368e+07,2.778194747257e+03,-9.555980424052e+02,4.598402033891e+07
7.48799999e+04,4.355453760037e+07,1.597771650372e+07,2.774806585173e+03,-9.568549365337e+02,4.639272528232e+07
7.50599999e+04,4.405370164566e+07,1.580537295628e+07,2.771468927188e+03,-9.580658532851e+02,4.680318609956e+07
7.52399999e+04,4.455226940695e+07,1.563281545604e+07,2.768181093513e+03,-9.592324629013e+02,4.721535144130e+07
7.54199999e+04,4.505024979066e+07,1.546005183253e+07,2.764942394121e+03,-9.603563748269e+02,4.762917162241e+07
7.55999999e+04,4.554765157822e+07,1.528708963092e+07,2.761752130803e+03,-9.614391396219e+02,4.804459856724e+07
7.57799999e+04,4.604448342481e+07,1.511393612243e+07,2.758609599048e+03,-9.624822508577e+02,4.846158575642e+07
7.59599999e+04,4.654075385835e+07,1.494059831443e+07,2.755514089773e+03,-9.634871469896e+02,4.888008817504e+07
7.61399999e+04,4.703647127883e+07,1.476708296019e+07,2.752464890896e+03,-9.644552132022e+02,4.930006226233e+07
7.63199999e+04,4.753164395791e+07,1.459339656830e+07,2.749461288781e+03,-9.653877832230e+02,4.972146586279e+07
7.64999999e+04,4.802628003874e+07,1.441954541178e+07,2.746502569544e+03,-9.662861411009e+02,5.014425817878e+07
7.66799999e+04,4.852038753607e+07,1.424553553685e+07,2.743588020247e+03,-9.671515229462e+02,5.056839972451e+07
7.68599999e+04,4.901397433646e+07,1.407137277145e+07,2.740716929979e+03,-9.679851186316e+02,5.099385228146e+07
7.70399999e+04,4.950704819877e+07,1.389706273333e+07,2.737888590831e+03,-9.687880734507e+02,5.142057885523e+07
7.72199999e+04,4.999961675478e+07,1.372261083802e+07,2.735102298782e+03,-9.695614897325e+02,5.184854363373e+07
7.73999999e+04,5.049168750996e+07,1.354802230636e+07,2.732357354487e+03,-9.703064284132e+02,5.227771194673e+07
7.75799999e+04,5.098326784434e+07,1.337330217184e+07,2.729653063992e+03,-9.710239105615e+02,5.270805022675e+07
7.77599999e+04,5.147436501362e+07,1.319845528762e+07,2.726988739367e+03,-9.717149188596e+02,5.313952597121e+07
7.79399999e+04,5.196498615021e+07,1.302348633334e+07,2.724363699273e+03,-9.723803990383e+02,5.357210770589e+07
7.81199999e+04,5.245513826456e+07,1.284839982163e+07,2.721777269460e+03,-9.730212612670e+02,5.400576494960e+07
7.82999999e+04,5.294482824639e+07,1.267320010437e+07,2.719228783213e+03,-9.736383814982e+02,5.444046818007e+07
7.84799999e+04,5.343406286612e+07,1.249789137877e+07,2.716717581730e+03,-9.742326027682e+02,5.487618880094e+07
7.86599999e+04,5.392284877634e+07,1.232247769315e+07,2.714243014466e+03,-9.748047364528e+02,5.531289911005e+07
7.88399999e+04,5.441119251330e+07,1.214696295255e+07,2.711804439419e+03,-9.753555634804e+02,5.575057226863e+07
7.90199999e+04,5.489910049847e+07,1.197135092408e+07,2.709401223375e+03,-9.758858355018e+02,5.618918227174e+07
7.91999999e+04,5.538657904017e+07,1.179564524213e+07,2.707032742119e+03,-9.763962760191e+02,5.662870391964e+07
7.93799999e+04,5.587363433515e+07,1.161984941327e+07,2.704698380604e+03,-9.768875814732e+02,5.706911279024e+07
7.95599999e+04,5.636027247032e+07,1.144396682111e+07,2.702397533093e+03,-9.773604222919e+02,5.751038521246e+07
7.97399999e+04,5.684649942439e+07,1.126800073081e+07,2.700129603269e+03,-9.778154438990e+02,5.795249824060e+07
7.99199999e+04,5.733232106959e+07,1.109195429357e+07,2.697894004311e+03,-9.782532676858e+02,5.839542962960e+07
8.00999999e+04,5.781774317336e+07,1.091583055080e+07,2.695690158962e+03,-9.786744919459e+02,5.883915781113e+07
8.02800000e+04,5.830277140014e+07,1.073963243825e+07,2.693517499555e+03,-9.790796927747e+02,5.928366187067e+07
8.04600000e+04,5.878741131301e+07,1.056336278988e+07,2.691375468032e+03,-9.794694249339e+02,5.972892152526e+07
8.06400000e+04,5.927166837550e+07,1.038702434168e+07,2.689263515938e+03,-9.798442226836e+02,6.017491710216e+07
8.08200000e+04,5.975554795326e+07,1.021061973524e+07,2.687181104403e+03,-9.802046005811e+02,6.062162951819e+07
8.10000000e+04,6.023905531581e+07,1.003415152124e+07,2.685127704104e+03,-9.805510542490e+02,6.106904025995e+07
8.11800000e+04,6.072219563825e+07,9.857622162820e+06,2.683102795216e+03,-9.808840611137e+02,6.151713136457e+07
8.13600000e+04,6.120497400295e+07,9.681034038745e+06,2.681105867352e+03,-9.812040811134e+02,6.196588540128e+07
8.15400000e+04,6.168739540126e+07,9.504389446524e+06,2.679136419488e+03,-9.815115573802e+02,6.241528545366e+07
8.17200000e+04,6.216946473519e+07,9.327690605364e+06,2.677193959884e+03,-9.818069168931e+02,6.286531510242e+07
8.19000000e+04,6.265118681907e+07,9.150939659020e+06,2.675278005991e+03,-9.820905711061e+02,6.331595840889e+07
8.20800000e+04,6.313256638117e+07,8.974138678541e+06,2.673388084352e+03,-9.823629165516e+02,6.376719989909e+07
8.22600000e+04,6.361360806537e+07,8.797289664896e+06,2.671523730502e+03,-9.826243354184e+02,6.421902454834e+07
8.24400000e+04,6.409431643272e+07,8.620394551511e+06,2.669684488849e+03,-9.828751961079e+02,6.467141776646e+07
8.26200000e+04,6.457469596308e+07,8.443455206699e+06,2.667869912567e+03,-9.831158537671e+02,6.512436538347e+07
8.28000000e+04,6.505475105666e+07,8.266473436003e+06,2.666079563470e+03,-9.833466508008e+02,6.557785363587e+07
8.29800000e+04,6.553448603554e+07,8.089450984442e+06,2.664313011887e+03,-9.835679173624e+02,6.603186915329e+07
8.31600000e+04,6.601390514525e+07,7.912389538673e+06,2.662569836540e+03,-9.837799718260e+02,6.648639894574e+07
8.33400000e+04,6.649301255621e+07,7.735290729073e+06,2.660849624411e+03,-9.839831212386e+02,6.694143039128e+07
8.35200000e+04,6.697181236523e+07,7.558156131739e+06,2.659151970610e+03,-9.841776617545e+02,6.739695122404e+07
8.37000000e+04,6.745030859698e+07,7.380987270405e+06,2.657476478244e+03,-9.843638790521e+02,6.785294952285e+07
8.38800000e+04,6.792850520539e+07,7.203785618300e+06,2.655822758279e+03,-9.845420487341e+02,6.830941370006e+07
8.40600000e+04,6.840640607506e+07,7.026552599919e+06,2.654190429408e+03,-9.847124367114e+02,6.876633249095e+07
8.42400000e+04,6.888401502263e+07,6.849289592739e+06,2.652579117910e+03,-9.848752995710e+02,6.922369494338e+07
8.44200000e+04,6.936133579816e+07,6.671997928865e+06,2.650988457521e+03,-9.850308849308e+02,6.968149040786e+07
8.46000000e+04,6.983837208644e+07,6.494678896611e+06,2.649418089292e+03,-9.851794317776e+02,7.013970852797e+07
8.47800000e+04,7.031512750828e+07,6.317333742024e+06,2.647867661455e+03,-9.853211707941e+02,7.059833923112e+07
8.49600000e+04,7.079160562183e+07,6.139963670356e+06,2.646336829287e+03,-9.854563246708e+02,7.105737271961e+07
8.51400000e+04,7.126780992380e+07,5.962569847468e+06,2.644825254979e+03,-9.855851084067e+02,7.151679946203e+07
8.53200000e+04,7.174374385072e+07,5.785153401194e+06,2.643332607496e+03,-9.857077295968e+02,7.197661018492e+07
8.55000000e+04,7.221941078011e+07,5.607715422644e+06,2.641858562450e+03,-9.858243887096e+02,7.243679586479e+07
8.56800000e+04,7.269481403172e+07,5.430256967467e+06,2.640402801968e+03,-9.859352793518e+02,7.289734772034e+07
8.58600000e+04,7.316995686864e+07,5.252779057061e+06,2.638965014557e+03,-9.860405885238e+02,7.335825720499e+07
8.60400000e+04,7.364484249845e+07,5.075282679739e+06,2.637544894983e+03,-9.861404968643e+02,7.381951599969e+07
8.62200000e+04,7.411947407436e+07,4.897768791854e+06,2.636142144138e+03,-9.862351788857e+02,7.428111600588e+07
8.64000000e+04,7.459385469626e+07,4.720238318883e+06,2.634756468918e+03,-9.863248031995e+02,7.474304933887e+07
8.65800000e+04,7.506798741184e+07,4.542692156465e+06,2.633387582098e+03,-9.864095327332e+02,7.520530832121e+07
8.67600000e+04,7.554187521758e+07,4.365131171411e+06,2.632035202211e+03,-9.864895249389e+02,7.566788547652e+07
8.69400000e+04,7.601552105983e+07,4.187556202664e+06,2.630699053428e+03,-9.865649319930e+02,7.613077352334e+07
8.71200000e+04,7.648892783577e+07,4.009968062240e+06,2.629378865438e+03,-9.866359009883e+02,7.659396536936e+07
8.73000000e+04,7.696209839444e+07,3.832367536120e+06,2.628074373335e+03,-9.867025741190e+02,7.705745410566e+07
8.74800000e+04,7.743503553764e+07,3.654755385116e+06,2.626785317501e+03,-9.867650888581e+02,7.752123300130e+07
8.76600000e+04,7.790774202092e+07,3.477132345710e+06,2.625511443497e+03,-9.868235781273e+02,7.798529549803e+07
8.78400000e+04,7.838022055450e+07,3.299499130854e+06,2.624252501948e+03,-9.868781704614e+02,7.844963520514e+07
8.80200000e+04,7.885247380415e+07,3.121856430747e+06,2.623008248440e+03,-9.869289901653e+02,7.891424589457e+07
8.82000000e+04,7.932450439207e+07,2.944204913580e+06,2.621778443409e+03,-9.869761574661e+02,7.937912149609e+07
8.83800000e+04,7.979631489781e+07,2.766545226263e+06,2.620562852041e+03,-9.870197886574e+02,7.984425609271e+07
8.85600000e+04,8.026790785902e+07,2.588877995115e+06,2.619361244166e+03,-9.870599962401e+02,8.030964391620e+07
8.87400000e+04,8.073928577236e+07,2.411203826534e+06,2.618173394159e+03,-9.870968890565e+02,8.077527934279e+07
8.89200000e+04,8.121045109429e+07,2.233523307650e+06,2.616999080845e+03,-9.871305724195e+02,8.124115688897e+07
8.91000000e+04,8.168140624182e+07,2.055837006942e+06,2.615838087396e+03,-9.871611482373e+02,8.170727120745e+07
8.92800000e+04,8.215215359334e+07,1.878145474843e+06,2.614690201243e+03,-9.871887151324e+02,8.217361708329e+07
8.94600000e+04,8.262269548933e+07,1.700449244322e+06,2.613555213981e+03,-9.872133685575e+02,8.264018943005e+07
8.96400000e+04,8.309303423316e+07,1.522748831444e+06,2.612432921277e+03,-9.872352009052e+02,8.310698328621e+07
8.98200000e+04,8.356317209175e+07,1.345044735909e+06,2.611323122785e+03,-9.872543016151e+02,8.357399381155e+07
9.00000000e+04,8.403311129633e+07,1.167337441578e+06,2.610225622055e+03,-9.872707572760e+02,8.404121628378e+07
9.01800000e+04,8.450285404308e+07,9.896274169726e+05,2.609140226451e+03,-9.872846517245e+02,8.450864609521e+07
9.03600000e+04,8.497240249389e+07,8.119151157665e+05,2.608066747070e+03,-9.872960661401e+02,8.497627874951e+07
9.05400000e+04,8.544175877695e+07,6.342009772526e+05,2.607004998654e+03,-9.873050791359e+02,8.544410985864e+07
9.07200000e+04,8.591092498741e+07,4.564854267977e+05,2.605954799518e+03,-9.873117668474e+02,8.591213513980e+07
9.09000000e+04,8.637990318808e+07,2.787688762810e+05,2.604915971468e+03,-9.873162030162e+02,8.638035041254e+07
9.10800000e+04,8.684869540995e+07,1.010517245175e+05,2.603888339724e+03,-9.873184590720e+02,8.684875159593e+07
9.12600000e+04,8.731730365288e+07,-7.666564233301e+04,2.602871732850e+03,-9.873186042113e+02,8.731733470582e+07
9.14400000e+04,8.778572988618e+07,-2.543828503709e+05,2.601865982679e+03,-9.873167054722e+02,8.778609585218e+07
9.16200000e+04,8.825397604915e+07,-4.320995375744e+05,2.600870924240e+03,-9.873128278078e+02,8.825503123656e+07
9.18000000e+04,8.872204405168e+07,-6.098153534312e+05,2.599886395693e+03,-9.873070341561e+02,8.872413714957e+07
9.19800000e+04,8.918993577484e+07,-7.875299585813e+05,2.598912238258e+03,-9.872993855076e+02,8.919340996849e+07
9.21600000e+04,8.965765307134e+07,-9.652430244728e+05,2.597948296147e+03,-9.872899409702e+02,8.966284615491e+07
9.23400000e+04,9.012519776615e+07,-1.142954233028e+06,2.596994416504e+03,-9.872787578322e+02,9.013244225250e+07
9.25200000e+04,9.059257165697e+07,-1.320663276323e+06,2.596050449340e+03,-9.872658916222e+02,9.060219488478e+07
9.27000000e+04,9.105977651476e+07,-1.498369856275e+06,2.595116247468e+03,-9.872513961682e+02,9.107210075300e+07
9.28800000e+04,9.152681408424e+07,-1.676073684339e+06,2.594191666445e+03,-9.872353236528e+02,9.154215663409e+07
9.30600000e+04,9.199368608435e+07,-1.853774481222e+06,2.593276564515e+03,-9.872177246680e+02,9.201235937863e+07
9.32400000e+04,9.246039420877e+07,-2.031471976596e+06,2.592370802548e+03,-9.871986482670e+02,9.248270590893e+07
9.34200000e+04,9.292694012636e+07,-2.209165908829e+06,2.591474243982e+03,-9.871781420147e+02,9.295319321714e+07
9.36000000e+04,9.339332548165e+07,-2.386856024721e+06,2.590586754775e+03,-9.871562520362e+02,9.342381836343e+07
9.37800000e+04,9.385955189522e+07,-2.564542079248e+06,2.589708203344e+03,-9.871330230634e+02,9.389457847420e+07
9.39600000e+04,9.432562096424e+07,-2.742223835314e+06,2.588838460515e+03,-9.871084984806e+02,9.436547074036e+07
9.41400000e+04,9.479153426278e+07,-2.919901063517e+06,2.587977399472e+03,-9.870827203675e+02,9.483649241569e+07
9.43200000e+04,9.525729334234e+07,-3.097573541912e+06,2.587124895708e+03,-9.870557295416e+02,9.530764081518e+07
9.45000000e+04,9.572289973218e+07,-3.275241055795e+06,2.586280826973e+03,-9.870275655986e+02,9.577891331349e+07
9.46800000e+04,9.618835493978e+07,-3.452903397477e+06,2.585445073228e+03,-9.869982669513e+02,9.625030734339e+07
9.48600000e+04,9.665366045119e+07,-3.630560366083e+06,2.584617516597e+03,-9.869678708678e+02,9.672182039434e+07
9.50400000e+04,9.711881773146e+07,-3.808211767346e+06,2.583798041325e+03,-9.869364135078e+02,9.719345001096e+07
9.52200000e+04,9.758382822494e+07,-3.985857413408e+06,2.582986533726e+03,-9.869039299574e+02,9.766519379171e+07
9.54000000e+04,9.804869335576e+07,-4.163497122637e+06,2.582182882149e+03,-9.868704542636e+02,9.813704938750e+07
9.55800000e+04,9.851341452809e+07,-4.341130719433e+06,2.581386976926e+03,-9.868360194668e+02,9.860901450038e+07
9.57600000e+04,9.897799312656e+07,-4.518758034059e+06,2.580598710337e+03,-9.868006576322e+02,9.908108688225e+07
9.59400000e+04,9.944243051657e+07,-4.696378902463e+06,2.579817976567e+03,-9.867643998812e+02,9.955326433363e+07
9.61200000e+04,9.990672804463e+07,-4.873993166112e+06,2.579044671665e+03,-9.867272764202e+02,1.000255447024e+08
9.63000000e+04,1.003708870387e+08,-5.051600671830e+06,2.578278693509e+03,-9.866893165691e+02,1.004979258828e+08
9.64800000e+04,1.008349088086e+08,-5.229201271642e+06,2.577519941763e+03,-9.866505487896e+02,1.009704058141e+08
9.66600000e+04,1.012987946462e+08,-5.406794822618e+06,2.576768317844e+03,-9.866110007109e+02,1.014429824794e+08
9.68400000e+04,1.017625458257e+08,-5.584381186730e+06,2.576023724884e+03,-9.865706991560e+02,1.019156539049e+08
9.70200000e+04,1.022261636040e+08,-5.761960230710e+06,2.575286067696e+03,-9.865296701667e+02,1.023884181585e+08
9.72000000e+04,1.026896492213e+08,-5.939531825904e+06,2.574555252738e+03,-9.864879390271e+02,1.028612733492e+08
9.73800000e+04,1.031530039008e+08,-6.117095848147e+06,2.573831188080e+03,-9.864455302870e+02,1.033342176256e+08
9.75600000e+04,1.036162288493e+08,-6.294652177626e+06,2.573113783370e+03,-9.864024677848e+02,1.038072491753e+08
9.77400000e+04,1.040793252578e+08,-6.472200698758e+06,2.572402949805e+03,-9.863587746684e+02,1.042803662237e+08
9.79200000e+04,1.045422943010e+08,-6.649741300064e+06,2.571698600095e+03,-9.863144734171e+02,1.047535670335e+08
9.81000000e+04,1.050051371384e+08,-6.827273874055e+06,2.571000648436e+03,-9.862695858610e+02,1.052268499034e+08
9.82800000e+04,1.054678549139e+08,-7.004798317114e+06,2.570309010477e+03,-9.862241332014e+02,1.057002131674e+08
9.84600000e+04,1.059304487567e+08,-7.182314529384e+06,2.569623603294e+03,-9.861781360293e+02,1.061736551938e+08
9.86400000e+04,1.063929197808e+08,-7.359822414661e+06,2.568944345358e+03,-9.861316143438e+02,1.066471743850e+08
9.88200000e+04,1.068552690858e+08,-7.537321880290e+06,2.568271156509e+03,-9.860845875701e+02,1.071207691757e+08
9.90000000e+04,1.073174977572e+08,-7.714812837062e+06,2.567603957928e+03,-9.860370745764e+02,1.075944380331e+08
9.91800000e+04,1.077796068661e+08,-7.892295199113e+06,2.566942672110e+03,-9.859890936909e+02,1.080681794555e+08
9.93600000e+04,1.082415974700e+08,-8.069768883834e+06,2.566287222838e+03,-9.859406627172e+02,1.085419919719e+08
9.95400000e+04,1.087034706127e+08,-8.247233811773e+06,2.565637535158e+03,-9.858917989508e+02,1.090158741410e+08
9.97200000e+04,1.091652273246e+08,-8.424689906547e+06,2.564993535352e+03,-9.858425191933e+02,1.094898245510e+08
9.99000000e+04,1.096268686230e+08,-8.602137094753e+06,2.564355150918e+03,-9.857928397676e+02,1.099638418184e+08
1.00080000e+05,1.100883955122e+08,-8.779575305885e+06,2.563722310540e+03,-9.857427765316e+02,1.104379245876e+08
1.00260000e+05,1.105498089838e+08,-8.957004472251e+06,2.563094944069e+03,-9.856923448922e+02,1.109120715302e+08
1.00440000e+05,1.110111100170e+08,-9.134424528892e+06,2.562472982499e+03,-9.856415598181e+02,1.113862813444e+08
1.00620000e+05,1.114722995784e+08,-9.311835413504e+06,2.561856357944e+03,-9.855904358531e+02,1.118605527545e+08
1.00800000e+05,1.119333786226e+08,-9.489237066366e+06,2.561245003618e+03,-9.855389871283e+02,1.123348845101e+08
1.00980000e+05,1.123943480925e+08,-9.666629430261e+06,2.560638853810e+03,-9.854872273740e+02,1.128092753856e+08
1.01160000e+05,1.128552089190e+08,-9.844012450412e+06,2.560037843869e+03,-9.854351699313e+02,1.132837241798e+08
1.01340000e+05,1.133159620215e+08,-1.002138607441e+07,2.559441910177e+03,-9.853828277637e+02,1.137582297151e+08
1.01520000e+05,1.137766083081e+08,-1.019875025213e+07,2.558850990133e+03,-9.853302134679e+02,1.142327908371e+08
1.01700000e+05,1.142371486757e+08,-1.037610493571e+07,2.558265022134e+03,-9.852773392840e+02,1.147074064140e+08
1.01880000e+05,1.146975840101e+08,-1.055345007945e+07,2.557683945553e+03,-9.852242171062e+02,1.151820753365e+08
1.02060000e+05,1.151579151865e+08,-1.073078563974e+07,2.557107700722e+03,-9.851708584927e+02,1.156567965165e+08
1.02240000e+05,1.156181430693e+08,-1.090811157505e+07,2.556536228915e+03,-9.851172746751e+02,1.161315688875e+08
1.02420000e+05,1.160782685124e+08,-1.108542784582e+07,2.555969472326e+03,-9.850634765677e+02,1.166063914035e+08
1.02600000e+05,1.165382923594e+08,-1.126273441445e+07,2.555407374057e+03,-9.850094747769e+02,1.170812630388e+08
1.02780000e+05,1.169982154438e+08,-1.144003124519e+07,2.554849878097e+03,-9.849552796096e+02,1.175561827875e+08
1.02960000e+05,1.174580385889e+08,-1.161731830416e+07,2.554296929306e+03,-9.849009010818e+02,1.180311496632e+08
1.03140000e+05,1.179177626085e+08,-1.179459555922e+07,2.553748473400e+03,-9.848463489270e+02,1.185061626984e+08
1.03320000e+05,1.183773883063e+08,-1.197186297998e+07,2.553204456934e+03,-9.847916326040e+02,1.189812209441e+08
1.03500000e+05,1.188369164767e+08,-1.214912053771e+07,2.552664827285e+03,-9.847367613047e+02,1.194563234697e+08
1.03680000e+05,1.192963479047e+08,-1.232636820534e+07,2.552129532640e+03,-9.846817439616e+02,1.199314693621e+08
1.03860000e+05,1.197556833660e+08,-1.250360595735e+07,2.551598521977e+03,-9.846265892549e+02,1.204066577256e+08
1.04040000e+05,1.202149236272e+08,-1.268083376979e+07,2.551071745055e+03,-9.845713056201e+02,1.208818876816e+08
1.04220000e+05,1.206740694458e+08,-1.285805162019e+07,2.550549152395e+03,-9.845159012543e+02,1.213571583682e+08
1.04400000e+05,1.211331215707e+08,-1.303525948753e+07,2.550030695268e+03,-9.844603841231e+02,1.218324689396e+08
1.04580000e+05,1.215920807419e+08,-1.321245735223e+07,2.549516325682e+03,-9.844047619669e+02,1.223078185662e+08
1.04760000e+05,1.220509476909e+08,-1.338964519605e+07,2.549005996368e+03,-9.843490423074e+02,1.227832064337e+08
1.04940000e+05,1.225097231407e+08,-1.356682300210e+07,2.548499660766e+03,-9.842932324534e+02,1.232586317434e+08
1.05120000e+05,1.229684078061e+08,-1.374399075480e+07,2.547997273012e+03,-9.842373395069e+02,1.237340937112e+08
1.05300000e+05,1.234270023936e+08,-1.392114843981e+07,2.547498787927e+03,-9.841813703687e+02,1.242095915681e+08
1.05480000e+05,1.238855076018e+08,-1.409829604402e+07,2.547004161004e+03,-9.841253317439e+02,1.246851245589e+08
1.05660000e+05,1.243439241210e+08,-1.427543355552e+07,2.546513348394e+03,-9.840692301474e+02,1.251606919429e+08
1.05840000e+05,1.248022526339e+08,-1.445256096353e+07,2.546026306897e+03,-9.840130719092e+02,1.256362929928e+08
1.06020000e+05,1.252604938156e+08,-1.462967825843e+07,2.545542993948e+03,-9.839568631793e+02,1.261119269950e+08
1.06200000e+05,1.257186483334e+08,-1.480678543166e+07,2.545063367609e+03,-9.839006099325e+02,1.265875932489e+08
1.06380000e+05,1.261767168472e+08,-1.498388247574e+07,2.544587386552e+03,-9.838443179737e+02,1.270632910669e+08
1.06560000e+05,1.266347000093e+08,-1.516096938421e+07,2.544115010055e+03,-9.837879929418e+02,1.275390197741e+08
1.06740000e+05,1.270925984651e+08,-1.533804615160e+07,2.543646197986e+03,-9.837316403150e+02,1.280147787079e+08
1.06920000e+05,1.275504128526e+08,-1.551511277344e+07,2.543180910794e+03,-9.836752654146e+02,1.284905672178e+08
1.07100000e+05,1.280081438026e+08,-1.569216924618e+07,2.542719109503e+03,-9.836188734095e+02,1.289663846651e+08
1.07280000e+05,1.284657919393e+08,-1.586921556720e+07,2.542260755693e+03,-9.835624693203e+02,1.294422304231e+08
1.07460000e+05,1.289233578797e+08,-1.604625173476e+07,2.541805811499e+03,-9.835060580231e+02,1.299181038761e+08
1.07640000e+05,1.293808422342e+08,-1.622327774800e+07,2.541354239597e+03,-9.834496442547e+02,1.303940044197e+08
1.07820000e+05,1.298382456065e+08,-1.640029360688e+07,2.540906003196e+03,-9.833932326126e+02,1.308699314606e+08
1.08000000e+05,1.302955685938e+08,-1.657729931219e+07,2.540461066025e+03,-9.833368275639e+02,1.313458844161e+08
1.08180000e+05,1.307528117866e+08,-1.675429486551e+07,2.540019392332e+03,-9.832804334455e+02,1.318218627139e+08
1.08360000e+05,1.312099757692e+08,-1.693128026919e+07,2.539580946865e+03,-9.832240544683e+02,1.322978657922e+08
1.08540000e+05,1.316670611195e+08,-1.710825552633e+07,2.539145694873e+03,-9.831676947209e+02,1.327738930992e+08
1.08720000e+05,1.321240684093e+08,-1.728522064074e+07,2.538713602090e+03,-9.831113581723e+02,1.332499440930e+08
1.08900000e+05,1.325809982042e+08,-1.746217561695e+07,2.538284634731e+03,-9.830550486757e+02,1.337260182414e+08
1.09080000e+05,1.330378510637e+08,-1.763912046017e+07,2.537858759482e+03,-9.829987699712e+02,1.342021150218e+08
1.09260000e+05,1.334946275416e+08,-1.781605517626e+07,2.537435943492e+03,-9.829425256890e+02,1.346782339208e+08
1.09440000e+05,1.339513281854e+08,-1.799297977175e+07,2.537016154366e+03,-9.828863193523e+02,1.351543744341e+08
1.09620000e+05,1.344079535373e+08,-1.816989425377e+07,2.536599360158e+03,-9.828301543800e+02,1.356305360665e+08
1.09800000e+05,1.348645041333e+08,-1.834679863006e+07,2.536185529360e+03,-9.827740340897e+02,1.361067183314e+08
1.09980000e+05,1.353209805042e+08,-1.852369290897e+07,2.535774630898e+03,-9.827179617000e+02,1.365829207511e+08
1.10160000e+05,1.357773831749e+08,-1.870057709939e+07,2.535366634123e+03,-9.826619403337e+02,1.370591428561e+08
1.10340000e+05,1.362337126652e+08,-1.887745121079e+07,2.534961508807e+03,-9.826059730199e+02,1.375353841852e+08
1.10520000e+05,1.366899694890e+08,-1.905431525316e+07,2.534559225131e+03,-9.825500626965e+02,1.380116442853e+08
1.10700000e+05,1.371461541553e+08,-1.923116923701e+07,2.534159753680e+03,-9.824942122128e+02,1.384879227115e+08
1.10880000e+05,1.376022671677e+08,-1.940801317336e+07,2.533763065439e+03,-9.824384243316e+02,1.389642190263e+08
1.11060000e+05,1.380583090246e+08,-1.958484707374e+07,2.533369131785e+03,-9.823827017317e+02,1.394405328003e+08
1.11240000e+05,1.385142802191e+08,-1.976167095012e+07,2.532977924477e+03,-9.823270470100e+02,1.399168636113e+08
1.11420000e+05,1.389701812397e+08,-1.993848481494e+07,2.532589415655e+03,-9.822714626838e+02,1.403932110446e+08
1.11600000e+05,1.394260125694e+08,-2.011528868111e+07,2.532203577830e+03,-9.822159511924e+02,1.408695746927e+08
1.11780000e+05,1.398817746867e+08,-2.029208256194e+07,2.531820383881e+03,-9.821605148998e+02,1.413459541552e+08
1.11960000e+05,1.403374680650e+08,-2.046886647118e+07,2.531439807046e+03,-9.821051560962e+02,1.418223490385e+08
1.12140000e+05,1.407930931731e+08,-2.064564042297e+07,2.531061820917e+03,-9.820498770003e+02,1.422987589561e+08
1.12320000e+05,1.412486504748e+08,-2.082240443186e+07,2.530686399436e+03,-9.819946797607e+02,1.427751835281e+08
1.12500000e+05,1.417041404296e+08,-2.099915851278e+07,2.530313516888e+03,-9.819395664582e+02,1.432516223810e+08
1.12680000e+05,1.421595634921e+08,-2.117590268100e+07,2.529943147895e+03,-9.818845391073e+02,1.437280751479e+08
1.12860000e+05,1.426149201125e+08,-2.135263695218e+07,2.529575267411e+03,-9.818295996580e+02,1.442045414682e+08
1.13040000e+05,1.430702107365e+08,-2.152936134232e+07,2.529209850718e+03,-9.817747499974e+02,1.446810209876e+08
1.13220000e+05,1.435254358055e+08,-2.170607586774e+07,2.528846873419e+03,-9.817199919515e+02,1.451575133577e+08
1.13400000e+05,1.439805957563e+08,-2.188278054508e+07,2.528486311432e+03,-9.816653272868e+02,1.456340182363e+08
1.13580000e+05,1.444356910215e+08,-2.205947539132e+07,2.528128140989e+03,-9.816107577115e+02,1.461105352867e+08
1.13760000e+05,1.448907220295e+08,-2.223616042372e+07,2.527772338626e+03,-9.815562848775e+02,1.465870641784e+08
1.13940000e+05,1.453456892044e+08,-2.241283565983e+07,2.527418881183e+03,-9.815019103815e+02,1.470636045863e+08
1.14120000e+05,1.458005929664e+08,-2.258950111750e+07,2.527067745796e+03,-9.814476357666e+02,1.475401561909e+08
1.14300000e+05,1.462554337312e+08,-2.276615681484e+07,2.526718909892e+03,-9.813934625237e+02,1.480167186781e+08
1.14480000e+05,1.467102119109e+08,-2.294280277023e+07,2.526372351188e+03,-9.813393920927e+02,1.484932917393e+08
1.14660000e+05,1.471649279133e+08,-2.311943900230e+07,2.526028047682e+03,-9.812854258640e+02,1.489698750709e+08
1.14840000e+05,1.476195821424e+08,-2.329606552993e+07,2.525685977653e+03,-9.812315651797e+02,1.494464683747e+08
1.15020000e+05,1.480741749983e+08,-2.347268237223e+07,2.525346119651e+03,-9.811778113349e+02,1.499230713574e+08
1.15200000e+05,1.485287068773e+08,-2.364928954855e+07,2.525008452501e+03,-9.811241655789e+02,1.503996837307e+08
1.15380000e+05,1.489831781717e+08,-2.382588707845e+07,2.524672955289e+03,-9.810706291161e+02,1.508763052113e+08
1.15560000e+05,1.494375892705e+08,-2.400247498171e+07,2.524339607366e+03,-9.810172031078e+02,1.513529355205e+08
1.15740000e+05,1.498919405585e+08,-2.417905327832e+07,2.524008388341e+03,-9.809638886728e+02,1.518295743843e+08
1.15920000e+05,1.503462324171e+08,-2.435562198845e+07,2.523679278075e+03,-9.809106868886e+02,1.523062215336e+08
1.16100000e+05,1.508004652242e+08,-2.453218113247e+07,2.523352256681e+03,-9.808575987925e+02,1.527828767035e+08
1.16280000e+05,1.512546393540e+08,-2.470873073095e+07,2.523027304516e+03,-9.808046253827e+02,1.532595396337e+08
1.16460000e+05,1.517087551772e+08,-2.488527080460e+07,2.522704402182e+03,-9.807517676192e+02,1.537362100684e+08
1.16640000e+05,1.521628130610e+08,-2.506180137434e+07,2.522383530518e+03,-9.806990264251e+02,1.542128877558e+08
1.16820000e+05,1.526168133692e+08,-2.523832246122e+07,2.522064670599e+03,-9.806464026869e+02,1.546895724485e+08
1.17000000e+05,1.530707564623e+08,-2.541483408646e+07,2.521747803731e+03,-9.805938972562e+02,1.551662639033e+08
1.17180000e+05,1.535246426973e+08,-2.559133627143e+07,2.521432911448e+03,-9.805415109501e+02,1.556429618810e+08
1.17360000e+05,1.539784724281e+08,-2.576782903764e+07,2.521119975512e+03,-9.804892445523e+02,1.561196661464e+08
1.17540000e+05,1.544322460051e+08,-2.594431240676e+07,2.520808977901e+03,-9.804370988138e+02,1.565963764682e+08
1.17720000e+05,1.548859637757e+08,-2.612078640055e+07,2.520499900815e+03,-9.803850744540e+02,1.570730926190e+08
1.17900000e+05,1.553396260839e+08,-2.629725104094e+07,2.520192726667e+03,-9.803331721614e+02,1.575498143752e+08
1.18080000e+05,1.557932332707e+08,-2.647370634995e+07,2.519887438083e+03,-9.802813925942e+02,1.580265415169e+08
1.18260000e+05,1.562467856740e+08,-2.665015234972e+07,2.519584017896e+03,-9.802297363815e+02,1.585032738278e+08
1.18440000e+05,1.567002836285e+08,-2.682658906253e+07,2.519282449147e+03,-9.801782041236e+02,1.589800110953e+08
1.18620000e+05,1.571537274661e+08,-2.700301651073e+07,2.518982715075e+03,-9.801267963932e+02,1.594567531103e+08
1.18800000e+05,1.576071175154e+08,-2.717943471679e+07,2.518684799124e+03,-9.800755137356e+02,1.599334996673e+08
1.18980000e+05,1.580604541022e+08,-2.735584370326e+07,2.518388684929e+03,-9.800243566700e+02,1.604102505639e+08
1.19160000e+05,1.585137375494e+08,-2.753224349281e+07,2.518094356323e+03,-9.799733256898e+02,1.608870056013e+08
1.19340000e+05,1.589669681769e+08,-2.770863410816e+07,2.517801797327e+03,-9.799224212631e+02,1.613637645839e+08
1.19520000e+05,1.594201463019e+08,-2.788501557213e+07,2.517510992152e+03,-9.798716438339e+02,1.618405273195e+08
1.19700000e+05,1.598732722387e+08,-2.806138790763e+07,2.517221925193e+03,-9.798209938224e+02,1.623172936188e+08
1.19880000e+05,1.603263462986e+08,-2.823775113763e+07,2.516934581028e+03,-9.797704716255e+02,1.627940632959e+08
1.20060000e+05,1.607793687906e+08,-2.841410528516e+07,2.516648944416e+03,-9.797200776177e+02,1.632708361678e+08
1.20240000e+05,1.612323400205e+08,-2.859045037333e+07,2.516365000292e+03,-9.796698121515e+02,1.637476120546e+08
1.20420000e+05,1.616852602916e+08,-2.876678642532e+07,2.516082733767e+03,-9.796196755581e+02,1.642243907793e+08
1.20600000e+05,1.621381299047e+08,-2.894311346433e+07,2.515802130123e+03,-9.795696681477e+02,1.647011721679e+08
1.20780000e+05,1.625909491576e+08,-2.911943151367e+07,2.515523174814e+03,-9.795197902106e+02,1.651779560493e+08
1.20960000e+05,1.630437183459e+08,-2.929574059665e+07,2.515245853459e+03,-9.794700420169e+02,1.656547422551e+08
1.21140000e+05,1.634964377623e+08,-2.947204073664e+07,2.514970151845e+03,-9.794204238179e+02,1.661315306197e+08
1.21320000e+05,1.639491076972e+08,-2.964833195708e+07,2.514696055919e+03,-9.793709358459e+02,1.666083209804e+08
1.21500000e+05,1.644017284383e+08,-2.982461428142e+07,2.514423551791e+03,-9.793215783151e+02,1.670851131770e+08
1.21680000e+05,1.648543002708e+08,-3.000088773316e+07,2.514152625728e+03,-9.792723514220e+02,1.675619070519e+08
1.21860000e+05,1.653068234777e+08,-3.017715233583e+07,2.513883264152e+03,-9.792232553459e+02,1.680387024502e+08
1.22040000e+05,1.657592983392e+08,-3.035340811300e+07,2.513615453641e+03,-9.791742902491e+02,1.685154992196e+08
1.22220000e+05,1.662117251335e+08,-3.052965508824e+07,2.513349180923e+03,-9.791254562776e+02,1.689922972102e+08
1.22400000e+05,1.666641041361e+08,-3.070589328518e+07,2.513084432877e+03,-9.790767535616e+02,1.694690962746e+08
1.22580000e+05,1.671164356203e+08,-3.088212272745e+07,2.512821196528e+03,-9.790281822158e+02,1.699458962678e+08
