t,x_mars,y_mars,x_ship,y_ship,v_x_mars,v_y_mars,v_x_ship,v_y_ship,d
0.00000000e+00,2.279399965282753e+11,-3.978303472252324e+07,2.279412433308806e+11,-2.092534483889313e+08,4.211460700588355e+00,2.412989215545173e+04,4.681905097086169e+00,2.682533997265277e+04,1.694750000000001e+08
1.80000000e+02,2.279399972449568e+11,-3.543965412713314e+07,2.279412441314623e+11,-2.044257064695438e+08,3.751667303408742e+00,2.412989223132015e+04,4.215832029444021e+00,2.682092336703702e+04,1.689906551693763e+08
3.60000000e+02,2.279399978788755e+11,-3.109627351887524e+07,2.279412448486145e+11,-1.995979158848445e+08,3.291873904866935e+00,2.412989229842725e+04,3.754043677943005e+00,2.682119449830625e+04,1.685062590024872e+08
5.40000000e+02,2.279399984300314e+11,-2.675289289946380e+07,2.279412454829105e+11,-1.947700763573394e+08,2.832080505144406e+00,2.412989235677301e+04,3.292237841169857e+00,2.682146718086222e+04,1.680218140184450e+08
7.20000000e+02,2.279399988984245e+11,-2.240951227075748e+07,2.279412460338506e+11,-1.899421876061423e+08,2.372287104437914e+00,2.412989240635743e+04,2.830414315100980e+00,2.682174142834615e+04,1.675373198966973e+08
9.00000000e+02,2.279399992840547e+11,-1.806613163391449e+07,2.279412465018479e+11,-1.851142493486684e+08,1.912493702870067e+00,2.412989244718053e+04,2.368572892858577e+00,2.682201725466897e+04,1.670527763321151e+08
1.08000000e+03,2.279399995869222e+11,-1.372275099051185e+07,2.279412468865633e+11,-1.802862612991956e+08,1.452700300607813e+00,2.412989247924230e+04,1.906713364359509e+00,2.682229467381777e+04,1.665681831164195e+08
1.26000000e+03,2.279399998070269e+11,-9.379370342126612e+06,2.279412471882489e+11,-1.754582231699384e+08,9.929068978180967e-01,2.412989250254274e+04,1.444835516540717e+00,2.682257370001607e+04,1.660835398685955e+08
1.44000000e+03,2.279399999443687e+11,-5.035989690274359e+06,2.279412474067265e+11,-1.706301346702053e+08,5.331134946613598e-01,2.412989251708184e+04,9.829391330419213e-01,2.682285434760641e+04,1.655988463739440e+08
1.62000000e+03,2.279399999989477e+11,-6.926090365244055e+05,2.279412475420868e+11,-1.658019955069106e+08,7.332009130373084e-02,2.412989252285962e+04,5.210239943906969e-01,2.682313663113516e+04,1.651141022279482e+08
1.80000000e+03,2.279399999707639e+11,3.650771617466275e+06,2.279412475943135e+11,-1.609738053842552e+08,-3.864733120793816e-01,2.412989251987606e+04,5.908987772416471e-02,2.682342056531065e+04,1.646293072250598e+08
1.98000000e+03,2.279399998598174e+11,7.994152270117300e+06,2.279412475633347e+11,-1.561455640037372e+08,-8.462667153206772e-01,2.412989250813118e+04,-4.028634430751464e-01,2.682370616501212e+04,1.641444610901679e+08
2.16000000e+03,2.279399996661079e+11,1.233753291975993e+07,2.279412474492969e+11,-1.513172710643114e+08,-1.306060118243503e+00,2.412989248762495e+04,-8.648361976080239e-01,2.682399344532462e+04,1.636595634584310e+08
2.34000000e+03,2.279399993896357e+11,1.668091356492293e+07,2.279412472519647e+11,-1.464889262619433e+08,-1.765853520692110e+00,2.412989245835741e+04,-1.326828618882259e+00,2.682428242147105e+04,1.631746140472443e+08
2.52000000e+03,2.279399990304007e+11,2.102429420402925e+07,2.279412469716486e+11,-1.416605292901985e+08,-2.225646922499553e+00,2.412989242032852e+04,-1.788840943481354e+00,2.682457310892420e+04,1.626896125514316e+08
2.70000000e+03,2.279399985884028e+11,2.536767483550184e+07,2.279412466079485e+11,-1.368320798393940e+08,-2.685440323498885e+00,2.412989237353831e+04,-2.250873411559245e+00,2.682486552326155e+04,1.622045586651161e+08
2.88000000e+03,2.279399980636422e+11,2.971105545800518e+07,2.279412461613399e+11,-1.320035775975545e+08,-3.145233723548724e+00,2.412989231798677e+04,-2.712926266938024e+00,2.682515968035520e+04,1.617194520076773e+08
3.06000000e+03,2.279399974561187e+11,3.405443607003527e+07,2.279412456312571e+11,-1.271750222492232e+08,-3.605027122489859e+00,2.412989225367390e+04,-3.174999757185505e+00,2.682545559614902e+04,1.612342924016009e+08
3.24000000e+03,2.279399967658324e+11,3.839781666970053e+07,2.279412450183413e+11,-1.223464134767365e+08,-4.064820520122042e+00,2.412989218059970e+04,-3.637094133628125e+00,2.682575328692603e+04,1.607490793903854e+08
3.42000000e+03,2.279399959927833e+11,4.274119725542390e+07,2.279412443218922e+11,-1.175177509587507e+08,-4.524613916278329e+00,2.412989209876416e+04,-4.099209651524908e+00,2.682605276901196e+04,1.602638127208416e+08
3.60000000e+03,2.279399951369714e+11,4.708457782562837e+07,2.279412435426228e+11,-1.126890343717076e+08,-4.984407310791773e+00,2.412989200816730e+04,-4.561346569990813e+00,2.682635405910255e+04,1.597784921174494e+08
3.78000000e+03,2.279399941983967e+11,5.142795837873688e+07,2.279412426798443e+11,-1.078602633883165e+08,-5.444200703495425e+00,2.412989190880910e+04,-5.023505152256806e+00,2.682665717393502e+04,1.592931171823234e+08
3.96000000e+03,2.279399931770591e+11,5.577133891317239e+07,2.279412417341533e+11,-1.030314376788791e+08,-5.903994094222343e+00,2.412989180068958e+04,-5.485685665532899e+00,2.682696213060803e+04,1.588076874899644e+08
4.14000000e+03,2.279399920729588e+11,6.011471942735787e+07,2.279412407050301e+11,-9.820255691008186e+07,-6.363787482805575e+00,2.412989168380872e+04,-5.947888381310985e+00,2.682726894630215e+04,1.583222028973475e+08
4.32000000e+03,2.279399908860956e+11,6.445809991971627e+07,2.279412395929011e+11,-9.337362074591939e+07,-6.823580869078178e+00,2.412989155816653e+04,-6.410113575208197e+00,2.682757763852587e+04,1.578366629543351e+08
4.50000000e+03,2.279399896164696e+11,6.880148038867056e+07,2.279412383974174e+11,-8.854462884688753e+07,-7.283374252873206e+00,2.412989142376301e+04,-6.872361527288452e+00,2.682788822491662e+04,1.573510673681942e+08
4.68000000e+03,2.279399882640809e+11,7.314486083264370e+07,2.279412371188338e+11,-8.371558087052852e+07,-7.743167634023710e+00,2.412989128059816e+04,-7.334632521900147e+00,2.682820072340645e+04,1.568654157324014e+08
4.86000000e+03,2.279399868289293e+11,7.748824125005865e+07,2.279412357569734e+11,-7.888647647097313e+07,-8.202961012362746e+00,2.412989112867198e+04,-7.796926848004746e+00,2.682851515210381e+04,1.563797077827217e+08
5.04000000e+03,2.279399853110149e+11,8.183162163933834e+07,2.279412343119180e+11,-7.405731529916780e+07,-8.662754387723362e+00,2.412989096798447e+04,-8.259244799019656e+00,2.682883152937842e+04,1.558939431406507e+08
5.22000000e+03,2.279399837103377e+11,8.617500199890579e+07,2.279412327836645e+11,-6.922809700269394e+07,-9.122547759938620e+00,2.412989079853563e+04,-8.721586673143994e+00,2.682914987382434e+04,1.554081214228614e+08
5.40000000e+03,2.279399820268977e+11,9.051838232718393e+07,2.279412311721195e+11,-6.439882122574522e+07,-9.582341128841566e+00,2.412989062032546e+04,-9.183952773218349e+00,2.682947020426362e+04,1.549222423155934e+08
5.58000000e+03,2.279399802606949e+11,9.486176262259571e+07,2.279412294774559e+11,-5.956948760917930e+07,-1.004213449426526e+01,2.412989043335396e+04,-9.646343407032337e+00,2.682979253979163e+04,1.544363054264636e+08
5.76000000e+03,2.279399784117293e+11,9.920514288356410e+07,2.279412276994032e+11,-5.474009579027619e+07,-1.050192785604275e+01,2.412989023762113e+04,-1.010875888722173e+01,2.683011689969768e+04,1.539503103953885e+08
5.94000000e+03,2.279399764800009e+11,1.035485231085121e+08,2.279412258383122e+11,-4.991064540297519e+07,-1.096172121400709e+01,2.412989003312697e+04,-1.057119953153705e+01,2.683044330359437e+04,1.534642568407958e+08
6.12000000e+03,2.279399744655097e+11,1.078919032958626e+08,2.279412238937332e+11,-4.508113607748082e+07,-1.142151456799134e+01,2.412988981987148e+04,-1.103366566279683e+01,2.683077177125435e+04,1.529781444101821e+08
6.30000000e+03,2.279399723682556e+11,1.122352834440385e+08,2.279412218661970e+11,-4.025156744061700e+07,-1.188130791782854e+01,2.412988959785466e+04,-1.149615760910022e+01,2.683110232282370e+04,1.524919727846415e+08
6.48000000e+03,2.279399701882388e+11,1.165786635514630e+08,2.279412197550726e+11,-3.542193911534271e+07,-1.234110126335176e+01,2.412988936707651e+04,-1.195867570385389e+01,2.683143497857473e+04,1.520057415131178e+08
6.66000000e+03,2.279399679254592e+11,1.209220436165588e+08,2.279412175610728e+11,-3.059225072116613e+07,-1.280089460439404e+01,2.412988912753703e+04,-1.242122028591023e+01,2.683176975920481e+04,1.515194502118041e+08
6.84000000e+03,2.279399655799168e+11,1.252654236377490e+08,2.279412152834618e+11,-2.576250187363427e+07,-1.326068794078844e+01,2.412988887923622e+04,-1.288379169968777e+01,2.683210668551225e+04,1.510330985642840e+08
7.02000000e+03,2.279399631516115e+11,1.296088036134566e+08,2.279412129229015e+11,-2.093269218470093e+07,-1.372048127236801e+01,2.412988862217408e+04,-1.334639029522231e+01,2.683244577873548e+04,1.505466861041972e+08
7.20000000e+03,2.279399606405435e+11,1.339521835421045e+08,2.279412104787990e+11,-1.610282126234115e+07,-1.418027459896581e+01,2.412988835635061e+04,-1.380901642838047e+01,2.683278706024593e+04,1.500602125438110e+08
7.38000000e+03,2.279399580467127e+11,1.382955634221156e+08,2.279412079516435e+11,-1.127288871074796e+07,-1.464006792041489e+01,2.412988808176581e+04,-1.427167046083480e+01,2.683313055182781e+04,1.495736773676020e+08
7.56000000e+03,2.279399553701190e+11,1.426389432519129e+08,2.279412053410301e+11,-6.442894130110797e+06,-1.509986123654830e+01,2.412988779841968e+04,-1.473435276035493e+01,2.683347627544951e+04,1.490870802041696e+08
7.74000000e+03,2.279399526107626e+11,1.469823230299194e+08,2.279412026472586e+11,-1.612837116668962e+06,-1.555965454719910e+01,2.412988750631222e+04,-1.519706370072615e+01,2.683382425345768e+04,1.486004206562200e+08
7.92000000e+03,2.279399497686434e+11,1.513257027545580e+08,2.279411998701144e+11,3.217282737400379e+06,-1.601944785220033e+01,2.412988720544344e+04,-1.565980366209877e+01,2.683417450843844e+04,1.481136983811909e+08
8.10000000e+03,2.279399468437614e+11,1.556690824242518e+08,2.279411970097052e+11,8.047465844010401e+06,-1.647924115138506e+01,2.412988689581332e+04,-1.612257303086877e+01,2.683452706332054e+04,1.476269128579844e+08
8.28000000e+03,2.279399438361166e+11,1.600124620374236e+08,2.279411940660096e+11,1.287771261922926e+07,-1.693903444458634e+01,2.412988657742188e+04,-1.658537220006616e+01,2.683488194132746e+04,1.471400637509127e+08
8.46000000e+03,2.279399407457090e+11,1.643558415924964e+08,2.279411910389405e+11,1.770802348332773e+07,-1.739882773163721e+01,2.412988625026910e+04,-1.704820156922049e+01,2.683523916599080e+04,1.466531506053270e+08
8.64000000e+03,2.279399375725386e+11,1.686992210878932e+08,2.279411879286728e+11,2.253839886086157e+07,-1.785862101237074e+01,2.412988591435500e+04,-1.751106154476498e+01,2.683559876119373e+04,1.461661729963749e+08
8.82000000e+03,2.279399343166054e+11,1.730426005220369e+08,2.279411847349209e+11,2.736883918067131e+07,-1.831841428661998e+01,2.412988556967957e+04,-1.797395253991161e+01,2.683596075109168e+04,1.456791306120794e+08
9.00000000e+03,2.279399309779095e+11,1.773859798933506e+08,2.279411814580594e+11,3.219934487605008e+07,-1.877820755421798e+01,2.412988521624281e+04,-1.843687497504441e+01,2.683632516024981e+04,1.451920227861129e+08
9.18000000e+03,2.279399275564507e+11,1.817293592002571e+08,2.279411780976013e+11,3.702991638462789e+07,-1.923800081499779e+01,2.412988485404472e+04,-1.889982927763347e+01,2.683669201346954e+04,1.447048492341455e+08
9.36000000e+03,2.279399240522292e+11,1.860727384411794e+08,2.279411746541239e+11,4.186055414869237e+07,-1.969779406879247e+01,2.412988448308531e+04,-1.936281588258763e+01,2.683706133602135e+04,1.442176095264353e+08
9.54000000e+03,2.279399204652448e+11,1.904161176145405e+08,2.279411711269602e+11,4.669125861490013e+07,-2.015758731543507e+01,2.412988410336456e+04,-1.982583523224080e+01,2.683743315337890e+04,1.437303030956414e+08
9.72000000e+03,2.279399167954977e+11,1.947594967187634e+08,2.279411675168195e+11,5.152203023478701e+07,-2.061738055475865e+01,2.412988371488249e+04,-2.028888777662717e+01,2.683780749153381e+04,1.432429295793194e+08
9.90000000e+03,2.279399130429879e+11,1.991028757522710e+08,2.279411638230060e+11,5.635286946430057e+07,-2.107717378659625e+01,2.412988331763909e+04,-2.075197397357892e+01,2.683818437667419e+04,1.427554885728266e+08
1.00800000e+04,2.279399092077152e+11,2.034462547134862e+08,2.279411600460980e+11,6.118377676443324e+07,-2.153696701078094e+01,2.412988291163437e+04,-2.121509428888972e+01,2.683856383550675e+04,1.422679795262281e+08
1.02600000e+04,2.279399052896797e+11,2.077896336008321e+08,2.279411561856112e+11,6.601475260074744e+07,-2.199676022714576e+01,2.412988249686831e+04,-2.167824919655075e+01,2.683894589498813e+04,1.417804020406111e+08
1.04400000e+04,2.279399012888815e+11,2.121330124127316e+08,2.279411522419098e+11,7.084579744392636e+07,-2.245655343552377e+01,2.412988207334093e+04,-2.214143917879146e+01,2.683933058255639e+04,1.412927554927881e+08
1.06200000e+04,2.279398972053205e+11,2.164763911476076e+08,2.279411482147254e+11,7.567691176943949e+07,-2.291634663574802e+01,2.412988164105222e+04,-2.260466472644348e+01,2.683971792596360e+04,1.408050396304546e+08
1.08000000e+04,2.279398930389967e+11,2.208197698038831e+08,2.279411441042039e+11,8.050809605791736e+07,-2.337613982765157e+01,2.412988120000219e+04,-2.306792633888758e+01,2.684010795340632e+04,1.403172537980174e+08
1.09800000e+04,2.279398887899102e+11,2.251631483773535e+08,2.279411399102971e+11,8.533935079503924e+07,-2.383593301078931e+01,2.412988075019083e+04,-2.353122452451242e+01,2.684050069346048e+04,1.398293975892771e+08
1.11600000e+04,2.279398844580608e+11,2.295065268672486e+08,2.279411356329280e+11,9.017067647164986e+07,-2.429572618507970e+01,2.412988029161814e+04,-2.399455980060202e+01,2.684089617510881e+04,1.393414704944212e+08
1.13400000e+04,2.279398800434487e+11,2.338499052738120e+08,2.279411312722731e+11,9.500207358395091e+07,-2.475551935054855e+01,2.412987982428412e+04,-2.445793269385376e+01,2.684129442778094e+04,1.388534720341825e+08
1.15200000e+04,2.279398755460739e+11,2.381932835954668e+08,2.279411268280281e+11,9.983354263327904e+07,-2.521531250702890e+01,2.412987934818878e+04,-2.492134374024546e+01,2.684169548127481e+04,1.383654016844023e+08
1.17000000e+04,2.279398709659362e+11,2.425366618306360e+08,2.279411223005988e+11,1.046650841266823e+08,-2.567510565435382e+01,2.412987886333211e+04,-2.538479348557232e+01,2.684209936590461e+04,1.378772589326101e+08
1.18800000e+04,2.279398663030359e+11,2.468800399777423e+08,2.279411176894487e+11,1.094966985762773e+08,-2.613489879235636e+01,2.412987836971412e+04,-2.584828248534006e+01,2.684250611231409e+04,1.373890432586519e+08
1.20600000e+04,2.279398615573727e+11,2.512234180352090e+08,2.279411129952178e+11,1.143283865002928e+08,-2.659469192086957e+01,2.412987786733480e+04,-2.631181130527008e+01,2.684291575173438e+04,1.369007542577462e+08
1.22400000e+04,2.279398567289468e+11,2.555667960014589e+08,2.279411082172094e+11,1.191601484219634e+08,-2.705448503972650e+01,2.412987735619416e+04,-2.677538052127656e+01,2.684332831569584e+04,1.364123911921134e+08
1.24200000e+04,2.279398518177581e+11,2.599101738749148e+08,2.279411033560724e+11,1.239919848709297e+08,-2.751427814876021e+01,2.412987683629219e+04,-2.723899071986884e+01,2.684374383635297e+04,1.359239537032280e+08
1.26000000e+04,2.279398468238066e+11,2.642535516540000e+08,2.279410984112210e+11,1.288238963820059e+08,-2.797407124780376e+01,2.412987630762889e+04,-2.770264249829972e+01,2.684416234618891e+04,1.354354412410846e+08
1.27800000e+04,2.279398417470925e+11,2.685969293371372e+08,2.279410933831028e+11,1.336558834964647e+08,-2.843386433669018e+01,2.412987577020427e+04,-2.816633646479064e+01,2.684458387829161e+04,1.349468532090676e+08
1.29600000e+04,2.279398365876155e+11,2.729403069227495e+08,2.279410882713793e+11,1.384879467611329e+08,-2.889365741525255e+01,2.412987522401833e+04,-2.863007323888637e+01,2.684500846614783e+04,1.344581890170889e+08
1.31400000e+04,2.279398313453758e+11,2.772836844092597e+08,2.279410830762475e+11,1.433200867292228e+08,-2.935345048332390e+01,2.412987466907106e+04,-2.909385345151212e+01,2.684543614380934e+04,1.339694483013282e+08
1.33200000e+04,2.279398260203734e+11,2.816270617950910e+08,2.279410777976221e+11,1.481523039599527e+08,-2.981324354073731e+01,2.412987410536246e+04,-2.955767774549969e+01,2.684586694580521e+04,1.334806302721360e+08
1.35000000e+04,2.279398206126081e+11,2.859704390786662e+08,2.279410724354432e+11,1.529845990188162e+08,-3.027303658732581e+01,2.412987353289254e+04,-3.002154677552497e+01,2.684630090718793e+04,1.329917344829135e+08
1.36800000e+04,2.279398151220802e+11,2.903138162584083e+08,2.279410669898852e+11,1.578169724778199e+08,-3.073282962292247e+01,2.412987295166130e+04,-3.048546120875225e+01,2.684673806356796e+04,1.325027603577702e+08
1.38600000e+04,2.279398095487895e+11,2.946571933327402e+08,2.279410614606247e+11,1.626494249150878e+08,-3.119262264736032e+01,2.412987236166873e+04,-3.094942172471489e+01,2.684717845103759e+04,1.320137073318474e+08
1.40400000e+04,2.279398038927360e+11,2.990005703000850e+08,2.279410558481023e+11,1.674819569158373e+08,-3.165241566047245e+01,2.412987176291485e+04,-3.141342901601065e+01,2.684762210633016e+04,1.315245747881105e+08
1.42200000e+04,2.279397981539198e+11,3.033439471588656e+08,2.279410501517247e+11,1.723145690711753e+08,-3.211220866209188e+01,2.412987115539963e+04,-3.187748378819771e+01,2.684806906661863e+04,1.310353621638852e+08
1.44000000e+04,2.279397923323409e+11,3.076873239075049e+08,2.279410443722053e+11,1.771472619799495e+08,-3.257200165205168e+01,2.412987053912309e+04,-3.234158676046443e+01,2.684851936980233e+04,1.305460688923402e+08
1.45800000e+04,2.279397864279993e+11,3.120307005444258e+08,2.279410385088129e+11,1.819800362467671e+08,-3.303179463018490e+01,2.412986991408524e+04,-3.280573866563700e+01,2.684897305419404e+04,1.300566942201363e+08
1.47600000e+04,2.279397804408949e+11,3.163740770680515e+08,2.279410325621238e+11,1.868128924842117e+08,-3.349158759632460e+01,2.412986928028605e+04,-3.326994025069196e+01,2.684943015885536e+04,1.295672376458269e+08
1.49400000e+04,2.279397743710277e+11,3.207174534768048e+08,2.279410265316844e+11,1.916458313111228e+08,-3.395138055030383e+01,2.412986863772555e+04,-3.373419227703579e+01,2.684989072333307e+04,1.290776985055411e+08
1.51200000e+04,2.279397682183979e+11,3.250608297691087e+08,2.279410204177852e+11,1.964788533541298e+08,-3.441117349195564e+01,2.412986798640372e+04,-3.419849552074794e+01,2.685035478788036e+04,1.285880763251692e+08
1.53000000e+04,2.279397619830053e+11,3.294042059433861e+08,2.279410142202637e+11,2.013119592467795e+08,-3.487096642111307e+01,2.412986732632057e+04,-3.466285077314351e+01,2.685082239332767e+04,1.280983703119687e+08
1.54800000e+04,2.279397556648500e+11,3.337475819980600e+08,2.279410079391146e+11,2.061451496301613e+08,-3.533075933760920e+01,2.412986665747610e+04,-3.512725884081070e+01,2.685129358116709e+04,1.276085798417248e+08
1.56600000e+04,2.279397492639319e+11,3.380909579315534e+08,2.279410015744747e+11,2.109784251530231e+08,-3.579055224127708e+01,2.412986597987031e+04,-3.559172054637624e+01,2.685176839356382e+04,1.271187041649541e+08
1.58400000e+04,2.279397427802512e+11,3.424343337422892e+08,2.279409951260346e+11,2.158117864713497e+08,-3.625034513194975e+01,2.412986529350320e+04,-3.605623672842691e+01,2.685224687329954e+04,1.266287429467845e+08
1.60200000e+04,2.279397362138077e+11,3.467777094286906e+08,2.279409885942390e+11,2.206452342495985e+08,-3.671013800946027e+01,2.412986459837476e+04,-3.652080824237598e+01,2.685272906392747e+04,1.261386952652396e+08
1.62000000e+04,2.279397295646015e+11,3.511210849891801e+08,2.279409819784933e+11,2.254787691591291e+08,-3.716993087364169e+01,2.412986389448501e+04,-3.698543596038929e+01,2.685321500957476e+04,1.256485604964517e+08
1.63800000e+04,2.279397228326326e+11,3.554644604221811e+08,2.279409752794757e+11,2.303123918805576e+08,-3.762972372432707e+01,2.412986318183393e+04,-3.745012077221472e+01,2.685370475522914e+04,1.251583379860195e+08
1.65600000e+04,2.279397160179010e+11,3.598078357261163e+08,2.279409684965170e+11,2.351461031013155e+08,-3.808951656134946e+01,2.412986246042153e+04,-3.791486358528131e+01,2.685419834644442e+04,1.246680270686911e+08
1.67400000e+04,2.279397091204066e+11,3.641512108994088e+08,2.279409616301010e+11,2.399799035182786e+08,-3.854930938454192e+01,2.412986173024782e+04,-3.837966532529867e+01,2.685469582965004e+04,1.241776269548345e+08
1.69200000e+04,2.279397021401496e+11,3.684945859404815e+08,2.279409546798889e+11,2.448137938358888e+08,-3.900910219373749e+01,2.412986099131278e+04,-3.884452693672296e+01,2.685519725193372e+04,1.236871370453400e+08
1.71000000e+04,2.279396950771299e+11,3.728379608477574e+08,2.279409476460285e+11,2.496477747676480e+08,-3.946889498876924e+01,2.412986024361643e+04,-3.930944938301420e+01,2.685570266121093e+04,1.231965565527765e+08
1.72800000e+04,2.279396879313474e+11,3.771813356196594e+08,2.279409405285215e+11,2.544818470355978e+08,-3.992868776947020e+01,2.412985948715875e+04,-3.977443364745174e+01,2.685621210616653e+04,1.227058847879524e+08
1.74600000e+04,2.279396807028023e+11,3.815247102546105e+08,2.279409333271689e+11,2.593160113703925e+08,-4.038848053567346e+01,2.412985872193976e+04,-4.023948073316520e+01,2.685672563626433e+04,1.222151210761104e+08
1.76400000e+04,2.279396733914945e+11,3.858680847510337e+08,2.279409260423239e+11,2.641502685122891e+08,-4.084827328721204e+01,2.412985794795945e+04,-4.070459166415461e+01,2.685724330185300e+04,1.217242645893880e+08
1.78200000e+04,2.279396659974240e+11,3.902114591073518e+08,2.279409186734403e+11,2.689846192096459e+08,-4.130806602391900e+01,2.412985716521782e+04,-4.116976748525713e+01,2.685776515401200e+04,1.212333146763846e+08
1.80000000e+04,2.279396585205907e+11,3.945548333219880e+08,2.279409112212023e+11,2.738190642215316e+08,-4.176785874562741e+01,2.412985637371487e+04,-4.163500926319309e+01,2.685829124482041e+04,1.207422704146485e+08
1.81800000e+04,2.279396509609948e+11,3.988982073933652e+08,2.279409036849147e+11,2.786536043148310e+08,-4.222765145217032e+01,2.412985557345060e+04,-4.210031808668420e+01,2.685882162706641e+04,1.202511311494975e+08
1.83600000e+04,2.279396433186362e+11,4.032415813199062e+08,2.279408960650596e+11,2.834882402674295e+08,-4.268744414338077e+01,2.412985476442502e+04,-4.256569506725889e+01,2.685935635456878e+04,1.197598960755105e+08
1.85400000e+04,2.279396355935149e+11,4.075849551000342e+08,2.279408883613215e+11,2.883229728660051e+08,-4.314723681909182e+01,2.412985394663812e+04,-4.303114133982543e+01,2.685989548196205e+04,1.192685646065261e+08
1.87200000e+04,2.279396277856310e+11,4.119283287321719e+08,2.279408805737955e+11,2.931578029076599e+08,-4.360702947913653e+01,2.412985312008990e+04,-4.349665806303353e+01,2.686043906485879e+04,1.187771355329983e+08
1.89000000e+04,2.279396198949843e+11,4.162717022147425e+08,2.279408727025585e+11,2.979927311995794e+08,-4.406682212334795e+01,2.412985228478037e+04,-4.396224642030054e+01,2.686098715981865e+04,1.182856084317514e+08
1.90800000e+04,2.279396119215750e+11,4.206150755461689e+08,2.279408647473060e+11,3.028277585587131e+08,-4.452661475155912e+01,2.412985144070951e+04,-4.442790761990109e+01,2.686153982432677e+04,1.177939823514605e+08
1.92600000e+04,2.279396038654030e+11,4.249584487248739e+08,2.279408567085202e+11,3.076628858134866e+08,-4.498640736360312e+01,2.412985058787735e+04,-4.489364289621752e+01,2.686209711695223e+04,1.173022563426460e+08
1.94400000e+04,2.279395957264684e+11,4.293018217492806e+08,2.279408485855942e+11,3.124981138015060e+08,-4.544619995931298e+01,2.412984972628386e+04,-4.535945350982311e+01,2.686265909714777e+04,1.168104297086470e+08
1.96200000e+04,2.279395875047711e+11,4.336451946178121e+08,2.279408403790973e+11,3.173334433727669e+08,-4.590599253852177e+01,2.412984885592907e+04,-4.582534074862872e+01,2.686322582554048e+04,1.163185016193573e+08
1.98000000e+04,2.279395792003111e+11,4.379885673288911e+08,2.279408320885460e+11,3.221688753868201e+08,-4.636578510106254e+01,2.412984797681295e+04,-4.629130592836076e+01,2.686379736369111e+04,1.158264711078063e+08
1.99800000e+04,2.279395708130884e+11,4.423319398809407e+08,2.279408237141763e+11,3.270044107154023e+08,-4.682557764676833e+01,2.412984708893553e+04,-4.675735039325455e+01,2.686437377432604e+04,1.153343373859186e+08
2.01600000e+04,2.279395623431031e+11,4.466753122723839e+08,2.279408152559455e+11,3.318400502412438e+08,-4.728537017547222e+01,2.412984619229679e+04,-4.722347551710896e+01,2.686495512124457e+04,1.148420995787172e+08
2.03400000e+04,2.279395537903552e+11,4.510186845016436e+08,2.279408067136399e+11,3.366757948584148e+08,-4.774516268700724e+01,2.412984528689673e+04,-4.768968270355747e+01,2.686554146935517e+04,1.143497566720311e+08
2.05200000e+04,2.279395451548446e+11,4.553620565671427e+08,2.279407980876733e+11,3.415116454736969e+08,-4.820495518120645e+01,2.412984437273536e+04,-4.815597338749996e+01,2.686613288479604e+04,1.138573079333600e+08
2.07000000e+04,2.279395364365714e+11,4.597054284673042e+08,2.279407893774764e+11,3.463476030044047e+08,-4.866474765790291e+01,2.412984344981268e+04,-4.862234903528205e+01,2.686672943477030e+04,1.133647523902872e+08
2.08800000e+04,2.279395276355355e+11,4.640488002005513e+08,2.279407805836056e+11,3.511836683817738e+08,-4.912454011692967e+01,2.412984251812868e+04,-4.908881114607059e+01,2.686733118782229e+04,1.128720890301912e+08
2.10600000e+04,2.279395187517369e+11,4.683921717653065e+08,2.279407717055866e+11,3.560198425479079e+08,-4.958433255811978e+01,2.412984157768337e+04,-4.955536125246862e+01,2.686793821361013e+04,1.123793170227475e+08
2.12400000e+04,2.279395097851758e+11,4.727355431599932e+08,2.279407627436137e+11,3.608561264585981e+08,-5.004412498130631e+01,2.412984062847675e+04,-5.002200092137048e+01,2.686855058313458e+04,1.118864353213542e+08
2.14200000e+04,2.279395007358520e+11,4.770789143830342e+08,2.279407536977113e+11,3.656925210822611e+08,-5.050391738632229e+01,2.412983967050882e+04,-5.048873175526042e+01,2.686916836866904e+04,1.113934430111334e+08
2.16000000e+04,2.279394916037655e+11,4.814222854328523e+08,2.279407445675644e+11,3.705290273999039e+08,-5.096370977300079e+01,2.412983870377957e+04,-5.095555539259139e+01,2.686979164377006e+04,1.109003390612608e+08
2.17800000e+04,2.279394823889164e+11,4.857656563078707e+08,2.279407353537148e+11,3.753656464072829e+08,-5.142350214117485e+01,2.412983772828901e+04,-5.142247350948132e+01,2.687042048344806e+04,1.104071225743288e+08
2.19600000e+04,2.279394730913047e+11,4.901090270065123e+08,2.279407260555334e+11,3.802023791118631e+08,-5.188329449067755e+01,2.412983674403714e+04,-5.188948782008799e+01,2.687105496396044e+04,1.099137924310715e+08
2.21400000e+04,2.279394637109305e+11,4.944523975272001e+08,2.279407166734563e+11,3.850392265367251e+08,-5.234308682134191e+01,2.412983575102397e+04,-5.235660007808692e+01,2.687169516310766e+04,1.094203476979938e+08
2.23200000e+04,2.279394542477935e+11,4.987957678683569e+08,2.279407072072299e+11,3.898761897179346e+08,-5.280287913300101e+01,2.412983474924948e+04,-5.282381207775028e+01,2.687234116005943e+04,1.089267874001029e+08
2.25000000e+04,2.279394447018940e+11,5.031391380284059e+08,2.279406976567892e+11,3.947132697062495e+08,-5.326267142548790e+01,2.412983373871368e+04,-5.329112565472188e+01,2.687299303549261e+04,1.084331103073807e+08
2.26800000e+04,2.279394350732318e+11,5.074825080057699e+08,2.279406880224480e+11,3.995504675677500e+08,-5.372246369863562e+01,2.412983271941657e+04,-5.375854268782035e+01,2.687365087164926e+04,1.079393154827753e+08
2.28600000e+04,2.279394253618071e+11,5.118258777988719e+08,2.279406783036945e+11,4.043877843820148e+08,-5.418225595227723e+01,2.412983169135815e+04,-5.422606509952507e+01,2.687431475223024e+04,1.074454018152817e+08
2.30400000e+04,2.279394155676197e+11,5.161692474061348e+08,2.279406685010327e+11,4.092252212456289e+08,-5.464204818624579e+01,2.412983065453843e+04,-5.469369485781779e+01,2.687498476265105e+04,1.069513682761546e+08
2.32200000e+04,2.279394056906697e+11,5.205126168259817e+08,2.279406586140572e+11,4.140627792690738e+08,-5.510184040037436e+01,2.412982960895739e+04,-5.516143397722901e+01,2.687566098985185e+04,1.064572136051537e+08
2.34000000e+04,2.279393957309572e+11,5.248559860568354e+08,2.279406486428228e+11,4.189004595794621e+08,-5.556163259449596e+01,2.412982855461505e+04,-5.562928452000703e+01,2.687634352249893e+04,1.059629367607074e+08
2.35800000e+04,2.279393856884820e+11,5.291993550971190e+08,2.279406385875484e+11,4.237382633203143e+08,-5.602142476844369e+01,2.412982749151140e+04,-5.609724859804383e+01,2.687703245099095e+04,1.054685366514864e+08
2.37600000e+04,2.279393755632443e+11,5.335427239452555e+08,2.279406284477737e+11,4.285761916503311e+08,-5.648121692205057e+01,2.412982641964644e+04,-5.656532837357598e+01,2.687772786740138e+04,1.049740120051901e+08
2.39400000e+04,2.279393653552440e+11,5.378860925996678e+08,2.279406182239972e+11,4.334142457467436e+08,-5.694100905514967e+01,2.412982533902018e+04,-5.703352606129899e+01,2.687842986571479e+04,1.044793617962126e+08
2.41200000e+04,2.279393550644810e+11,5.422294610587788e+08,2.279406079158056e+11,4.382524268021406e+08,-5.740080116757404e+01,2.412982424963260e+04,-5.750184392960931e+01,2.687913854165020e+04,1.039845847064795e+08
2.43000000e+04,2.279393446909556e+11,5.465728293210114e+08,2.279405975232253e+11,4.430907360273432e+08,-5.786059325915673e+01,2.412982315148372e+04,-5.797028430202215e+01,2.687985399286741e+04,1.034896795848853e+08
2.44800000e+04,2.279393342346675e+11,5.509161973847889e+08,2.279405870465322e+11,4.479291746514205e+08,-5.832038532973080e+01,2.412982204457354e+04,-5.843884955939360e+01,2.688057631899078e+04,1.029946453086632e+08
2.46600000e+04,2.279393236956169e+11,5.552595652485340e+08,2.279405764852419e+11,4.527677439200517e+08,-5.878017737912931e+01,2.412982092890206e+04,-5.890754214085089e+01,2.688130562153960e+04,1.024994805178906e+08
2.48400000e+04,2.279393130738036e+11,5.596029329106696e+08,2.279405658397643e+11,4.576064450991528e+08,-5.923996940718528e+01,2.412981980446926e+04,-5.937636454612538e+01,2.688204200417303e+04,1.020041837950840e+08
2.50200000e+04,2.279393023692279e+11,5.639463003696189e+08,2.279405551098422e+11,4.624452794721571e+08,-5.969976141373181e+01,2.412981867127516e+04,-5.984531933727305e+01,2.688278557255726e+04,1.015087541954682e+08
2.52000000e+04,2.279392915818896e+11,5.682896676238046e+08,2.279405442953043e+11,4.672842483418576e+08,-6.015955339860193e+01,2.412981752931976e+04,-6.031440914014497e+01,2.688353643450818e+04,1.010131901427555e+08
2.53800000e+04,2.279392807117887e+11,5.726330346716499e+08,2.279405333966567e+11,4.721233530320629e+08,-6.061934536162870e+01,2.412981637860305e+04,-6.078363664709112e+01,2.688429470011640e+04,1.005174904464603e+08
2.55600000e+04,2.279392697589253e+11,5.769764015115777e+08,2.279405224133050e+11,4.769625948843246e+08,-6.107913730264517e+01,2.412981521912505e+04,-6.125300461821592e+01,2.688506048159259e+04,1.000216536977712e+08
2.57400000e+04,2.279392587232993e+11,5.813197681420109e+08,2.279405113454753e+11,4.818019752622939e+08,-6.153892922148439e+01,2.412981405088573e+04,-6.172251588382490e+01,2.688583389355453e+04,9.952567868595570e+07
2.59200000e+04,2.279392476049108e+11,5.856631345613725e+08,2.279405001932537e+11,4.866414955501969e+08,-6.199872111797941e+01,2.412981287388512e+04,-6.219217334688851e+01,2.688661505297312e+04,9.902956388950470e+07
2.61000000e+04,2.279392364037597e+11,5.900065007680856e+08,2.279404889562591e+11,4.914811571525230e+08,-6.245851299196332e+01,2.412981168812320e+04,-6.266197998456744e+01,2.688740407919576e+04,9.853330789925174e+07
2.62800000e+04,2.279392251198461e+11,5.943498667605729e+08,2.279404776348825e+11,4.963209614971282e+08,-6.291830484326913e+01,2.412981049359998e+04,-6.313193885118466e+01,2.688820109415734e+04,9.803690942146710e+07
2.64600000e+04,2.279392137531700e+11,5.986932325372576e+08,2.279404662288645e+11,5.011609100326559e+08,-6.337809667172991e+01,2.412980929031546e+04,-6.360205308050173e+01,2.688900622227853e+04,9.754036681818029e+07
2.66400000e+04,2.279392023037313e+11,6.030365980965624e+08,2.279404547380001e+11,5.060010042304581e+08,-6.383788847717872e+01,2.412980807826965e+04,-6.407232588779847e+01,2.688981959061625e+04,9.704367884948239e+07
2.68200000e+04,2.279391907715302e+11,6.073799634369106e+08,2.279404431628044e+11,5.108412455866333e+08,-6.429768025944860e+01,2.412980685746252e+04,-6.454276057320845e+01,2.689064132901478e+04,9.654684393451369e+07
2.70000000e+04,2.279391791565665e+11,6.117233285567249e+08,2.279404315027528e+11,5.156816356185711e+08,-6.475747201837262e+01,2.412980562789411e+04,-6.501336052382828e+01,2.689147156996950e+04,9.604986045331717e+07
2.71800000e+04,2.279391674588403e+11,6.160666934544284e+08,2.279404197578282e+11,5.205221758689004e+08,-6.521726375378384e+01,2.412980438956439e+04,-6.548412921655324e+01,2.689231044888548e+04,9.555272693276286e+07
2.73600000e+04,2.279391556783515e+11,6.204100581284442e+08,2.279404079284708e+11,5.253628679059350e+08,-6.567705546551528e+01,2.412980314247337e+04,-6.595507022156954e+01,2.689315810414866e+04,9.505544180760971e+07
2.75400000e+04,2.279391438151003e+11,6.247534225771948e+08,2.279403960141327e+11,5.302037133209116e+08,-6.613684715340003e+01,2.412980188662105e+04,-6.642618720460310e+01,2.689401467703688e+04,9.455800362847543e+07
2.77200000e+04,2.279391318690866e+11,6.290967867991036e+08,2.279403840148856e+11,5.350447137321801e+08,-6.659663881727111e+01,2.412980062200744e+04,-6.689748393035256e+01,2.689488031199112e+04,9.406041055236380e+07
2.79000000e+04,2.279391198403103e+11,6.334401507925935e+08,2.279403719310585e+11,5.398858707850076e+08,-6.705643045696162e+01,2.412979934863252e+04,-6.736896426619592e+01,2.689575515665962e+04,9.356266118393998e+07
2.80800000e+04,2.279391077287716e+11,6.377835145560874e+08,2.279403597621636e+11,5.447271861495991e+08,-6.751622207230457e+01,2.412979806649631e+04,-6.784063218478599e+01,2.689663936185973e+04,9.306475357872523e+07
2.82600000e+04,2.279390955344704e+11,6.421268780880082e+08,2.279403475082666e+11,5.495686615249034e+08,-6.797601366313305e+01,2.412979677559881e+04,-6.831249176792792e+01,2.689753308183114e+04,9.256668629915385e+07
2.84400000e+04,2.279390832574067e+11,6.464702413867790e+08,2.279403351696865e+11,5.544102986385809e+08,-6.843580522928008e+01,2.412979547594001e+04,-6.878454721064952e+01,2.689843647429530e+04,9.206845741448119e+07
2.86200000e+04,2.279390708975806e+11,6.508136044508226e+08,2.279403227459453e+11,5.592520992450647e+08,-6.889559677057873e+01,2.412979416751991e+04,-6.925680282421962e+01,2.689934970043052e+04,9.157006529451652e+07
2.88000000e+04,2.279390584549919e+11,6.551569672785621e+08,2.279403102370461e+11,5.640940651292851e+08,-6.935538828686207e+01,2.412979285033852e+04,-6.972926304043244e+01,2.690027292512301e+04,9.107150823804578e+07
2.89800000e+04,2.279390459296408e+11,6.595003298684204e+08,2.279402976434093e+11,5.689361981072342e+08,-6.981517977796312e+01,2.412979152439583e+04,-7.020193241616080e+01,2.690120631706525e+04,9.057278432035215e+07
2.91600000e+04,2.279390333215272e+11,6.638436922188206e+08,2.279402849645115e+11,5.737785000232869e+08,-7.027497124371496e+01,2.412979018969185e+04,-7.067481563688891e+01,2.690215004870420e+04,9.007389166611251e+07
2.93400000e+04,2.279390206306512e+11,6.681870543281854e+08,2.279402722003196e+11,5.786209727544172e+08,-7.073476268395063e+01,2.412978884622657e+04,-7.114791752140573e+01,2.690310429652292e+04,8.957482848617485e+07
2.95200000e+04,2.279390078570127e+11,6.725304161949382e+08,2.279402593512113e+11,5.834636182107846e+08,-7.119455409850320e+01,2.412978749400000e+04,-7.162124302680218e+01,2.690406924114752e+04,8.907559275612554e+07
2.97000000e+04,2.279389950006118e+11,6.768737778175014e+08,2.279402464168230e+11,5.883064383335623e+08,-7.165434548720572e+01,2.412978613301215e+04,-7.209479725292942e+01,2.690504506733323e+04,8.857618291979040e+07
2.98800000e+04,2.279389820614483e+11,6.812171391942985e+08,2.279402333970309e+11,5.931494350981749e+08,-7.211413684989122e+01,2.412978476326299e+04,-7.256858544723735e+01,2.690603196420362e+04,8.807659651555747e+07
3.00600000e+04,2.279389690395225e+11,6.855605003237520e+08,2.279402202919984e+11,5.979926105152245e+08,-7.257392818639278e+01,2.412978338475254e+04,-7.304261301035629e+01,2.690703012538684e+04,8.757683170720011e+07
3.02400000e+04,2.279389559348342e+11,6.899038612042854e+08,2.279402071017601e+11,6.028359666302732e+08,-7.303371949654345e+01,2.412978199748081e+04,-7.351688550169089e+01,2.690803974910062e+04,8.707688654291573e+07
3.04200000e+04,2.279389427473835e+11,6.942472218343213e+08,2.279401938259997e+11,6.076795055240495e+08,-7.349351078017629e+01,2.412978060144778e+04,-7.399140864443294e+01,2.690906103826556e+04,8.657675896410370e+07
3.06000000e+04,2.279389294771703e+11,6.985905822122825e+08,2.279401804646779e+11,6.125232293149803e+08,-7.395330203712435e+01,2.412977919665346e+04,-7.446618833185353e+01,2.691009420072308e+04,8.607644673532839e+07
3.07800000e+04,2.279389161241948e+11,7.029339423365924e+08,2.279401670181130e+11,6.173671401603212e+08,-7.441309326722066e+01,2.412977778309785e+04,-7.494123063371764e+01,2.691113944939561e+04,8.557594782504831e+07
3.09600000e+04,2.279389026884568e+11,7.072773022056738e+08,2.279401534859864e+11,6.222112402544081e+08,-7.487288447029832e+01,2.412977636078096e+04,-7.541654180239327e+01,2.691219700232310e+04,8.507525996157576e+07
3.11400000e+04,2.279388891699564e+11,7.116206618179495e+08,2.279401398681674e+11,6.270555318318108e+08,-7.533267564619032e+01,2.412977492970277e+04,-7.589212827938296e+01,2.691326708292314e+04,8.457438104132314e+07
3.13200000e+04,2.279388755686936e+11,7.159640211718428e+08,2.279401261646128e+11,6.319000171680418e+08,-7.579246679472979e+01,2.412977348986330e+04,-7.636799670255668e+01,2.691434992014559e+04,8.407330865369083e+07
3.15000000e+04,2.279388618846684e+11,7.203073802657764e+08,2.279401123756476e+11,6.367446985813787e+08,-7.625225791574974e+01,2.412977204126253e+04,-7.684415391371677e+01,2.691544574867933e+04,8.357204052343774e+07
3.16800000e+04,2.279388481178808e+11,7.246507390981733e+08,2.279400985008894e+11,6.415895784308902e+08,-7.671204900908322e+01,2.412977058390048e+04,-7.732060696576831e+01,2.691655480900553e+04,8.307057435679889e+07
3.18600000e+04,2.279388342683308e+11,7.289940976674565e+08,2.279400845402497e+11,6.464346591203022e+08,-7.717184007456331e+01,2.412976911777715e+04,-7.779736313069303e+01,2.691767734770382e+04,8.256890786639802e+07
3.20400000e+04,2.279388203360184e+11,7.333374559720490e+08,2.279400704936805e+11,6.512799430983949e+08,-7.763163111202303e+01,2.412976764289253e+04,-7.827442990801003e+01,2.691881361761601e+04,8.206703840726535e+07
3.22200000e+04,2.279388063209436e+11,7.376808140103738e+08,2.279400563613441e+11,6.561254328606539e+08,-7.809142212129547e+01,2.412976615924662e+04,-7.875181503357685e+01,2.691996387806771e+04,8.156496343496509e+07
3.24000000e+04,2.279387922231064e+11,7.420241717808539e+08,2.279400421431255e+11,6.609711309490538e+08,-7.855121310221367e+01,2.412976466683943e+04,-7.922952648864442e+01,2.692112839502306e+04,8.106268061854945e+07
3.25800000e+04,2.279387780425069e+11,7.463675292819121e+08,2.279400278388144e+11,6.658170399537793e+08,-7.901100405461067e+01,2.412976316567095e+04,-7.970757250896563e+01,2.692230744132269e+04,8.056018732654451e+07
3.27600000e+04,2.279387637791450e+11,7.507108865119714e+08,2.279400134483567e+11,6.706631625152178e+08,-7.947079497831955e+01,2.412976165574119e+04,-8.018596159500738e+01,2.692350129694105e+04,8.005748082046975e+07
3.29400000e+04,2.279387494330208e+11,7.550542434694549e+08,2.279399989716970e+11,6.755095013248146e+08,-7.993058587317334e+01,2.412976013705015e+04,-8.066470252231017e+01,2.692471024920433e+04,7.955455868640660e+07
3.31200000e+04,2.279387350041341e+11,7.593976001527854e+08,2.279399844089494e+11,6.803560591269194e+08,-8.039037673900512e+01,2.412975860959782e+04,-8.114380435245002e+01,2.692593459305621e+04,7.905141780391423e+07
3.33000000e+04,2.279387204924851e+11,7.637409565603861e+08,2.279399697600114e+11,6.852028387190460e+08,-8.085016757564793e+01,2.412975707338421e+04,-8.162327644438555e+01,2.692717463126816e+04,7.854805579176082e+07
3.34800000e+04,2.279387058980738e+11,7.680843126906798e+08,2.279399550246827e+11,6.900498429536339e+08,-8.130995838293481e+01,2.412975552840932e+04,-8.210312846606341e+01,2.692843067471954e+04,7.804446956049114e+07
3.36600000e+04,2.279386912209002e+11,7.724276685420895e+08,2.279399402029006e+11,6.948970747402475e+08,-8.176974916069885e+01,2.412975397467315e+04,-8.258337040713239e+01,2.692970304270401e+04,7.754065619545799e+07
3.38400000e+04,2.279386764609642e+11,7.767710241130381e+08,2.279399252946008e+11,6.997445370467168e+08,-8.222953990877306e+01,2.412975241217569e+04,-8.306401259198415e+01,2.693099206320011e+04,7.703661295557274e+07
3.40200000e+04,2.279386616182658e+11,7.811143794019487e+08,2.279399102997167e+11,7.045922329006964e+08,-8.268933062699054e+01,2.412975084091696e+04,-8.354506569344998e+01,2.693229807317396e+04,7.653233651167543e+07
3.42000000e+04,2.279386466928051e+11,7.854577344072442e+08,2.279398952181818e+11,7.094401653913413e+08,-8.314912131518432e+01,2.412974926089695e+04,-8.402654074715716e+01,2.693362141889179e+04,7.602782411311541e+07
3.43800000e+04,2.279386316845822e+11,7.898010891273476e+08,2.279398800501307e+11,7.142883376716319e+08,-8.360891197318745e+01,2.412974767211566e+04,-8.450844916674016e+01,2.693496245627217e+04,7.552307252398348e+07
3.45600000e+04,2.279386165935969e+11,7.941444435606818e+08,2.279398647952672e+11,7.191367529581698e+08,-8.406870260083299e+01,2.412974607457309e+04,-8.499080275932056e+01,2.693632155115237e+04,7.501807826515612e+07
3.47400000e+04,2.279386014198493e+11,7.984877977056700e+08,2.279398494535156e+11,7.239854145350041e+08,-8.452849319795401e+01,2.412974446826924e+04,-8.547361374226432e+01,2.693769907972079e+04,7.451283859827507e+07
3.49200000e+04,2.279385861633394e+11,8.028311515607349e+08,2.279398340247974e+11,7.288343257548820e+08,-8.498828376438352e+01,2.412974285320412e+04,-8.595689476055988e+01,2.693909542886012e+04,7.400734979386303e+07
3.51000000e+04,2.279385708240671e+11,8.071745051242994e+08,2.279398185090317e+11,7.336834900411639e+08,-8.544807429995464e+01,2.412974122937771e+04,-8.644065890518351e+01,2.694051099653998e+04,7.350160835972649e+07
3.52800000e+04,2.279385554020327e+11,8.115178583947868e+08,2.279398029061346e+11,7.385329108898774e+08,-8.590786480450036e+01,2.412973959679004e+04,-8.692491973225525e+01,2.694194619221804e+04,7.299561109217930e+07
3.54600000e+04,2.279385398972359e+11,8.158612113706198e+08,2.279397872160196e+11,7.433825918718179e+08,-8.636765527785379e+01,2.412973795544109e+04,-8.740969128325438e+01,2.694340143726386e+04,7.248935442780958e+07
3.56400000e+04,2.279385243096768e+11,8.202045640502216e+08,2.279397714385966e+11,7.482325366347295e+08,-8.682744571984794e+01,2.412973630533086e+04,-8.789498810625899e+01,2.694487716540138e+04,7.198283457631217e+07
3.58200000e+04,2.279385086393554e+11,8.245479164320149e+08,2.279397555737728e+11,7.530827489055665e+08,-8.728723613031589e+01,2.412973464645936e+04,-8.838082527828749e+01,2.694637382317052e+04,7.147604787917361e+07
3.60000000e+04,2.279384928862718e+11,8.288912685144230e+08,2.279397396214516e+11,7.579332324928522e+08,-8.774702650909069e+01,2.412973297882658e+04,-8.886721842880870e+01,2.694789187040992e+04,7.096899053347725e+07
3.61800000e+04,2.279384770504259e+11,8.332346202958685e+08,2.279397235815328e+11,7.627839912891202e+08,-8.820681685600539e+01,2.412973130243253e+04,-8.935418376449823e+01,2.694943178076362e+04,7.046165893622945e+07
3.63600000e+04,2.279384611318177e+11,8.375779717747747e+08,2.279397074539125e+11,7.676350292734201e+08,-8.866660717089304e+01,2.412972961727721e+04,-8.984173809529885e+01,2.695099404220863e+04,6.995404861976758e+07
3.65400000e+04,2.279384451304474e+11,8.419213229495643e+08,2.279396912384826e+11,7.724863505139825e+08,-8.912639745358672e+01,2.412972792336062e+04,-9.032989886188939e+01,2.695257915760854e+04,6.944615599416223e+07
3.67200000e+04,2.279384290463147e+11,8.462646738186605e+08,2.279396749351305e+11,7.773379591709385e+08,-8.958618770391944e+01,2.412972622068276e+04,-9.081868416463915e+01,2.695418764529448e+04,6.893797670616983e+07
3.69000000e+04,2.279384128794198e+11,8.506080243804861e+08,2.279396585437392e+11,7.821898594991187e+08,-9.004597792172430e+01,2.412972450924362e+04,-9.130811279412474e+01,2.695582003967059e+04,6.842950643826078e+07
3.70800000e+04,2.279383966297627e+11,8.549513746334642e+08,2.279396420641867e+11,7.870420558510643e+08,-9.050576810683432e+01,2.412972278904322e+04,-9.179820426335075e+01,2.695747689185246e+04,6.792074111043353e+07
3.72600000e+04,2.279383802973433e+11,8.592947245760177e+08,2.279396254963455e+11,7.918945526800579e+08,-9.096555825908258e+01,2.412972106008155e+04,-9.228897884173151e+01,2.695915877033232e+04,6.741167622793368e+07
3.74400000e+04,2.279383638821617e+11,8.636380742065696e+08,2.279396088400828e+11,7.967473545433183e+08,-9.142534837830213e+01,2.412971932235860e+04,-9.278045759099045e+01,2.696086626168010e+04,6.690230698277922e+07
3.76200000e+04,2.279383473842180e+11,8.679814235235429e+08,2.279395920952593e+11,8.016004661053207e+08,-9.188513846432600e+01,2.412971757587439e+04,-9.327266240308043e+01,2.696259997127759e+04,6.639262901552673e+07
3.78000000e+04,2.279383308035119e+11,8.723247725253603e+08,2.279395752617295e+11,8.064538921412505e+08,-9.234492851698728e+01,2.412971582062892e+04,-9.376561604025973e+01,2.696436052408877e+04,6.588263752509671e+07
3.79800000e+04,2.279383141400437e+11,8.766681212104453e+08,2.279395583395125e+11,8.113076375412238e+08,-9.280471853611901e+01,2.412971405662218e+04,-9.425934217747540e+01,2.696614856548949e+04,6.537232764439006e+07
3.81600000e+04,2.279382973938133e+11,8.810114695772204e+08,2.279395413284454e+11,8.161617073127524e+08,-9.326450852155425e+01,2.412971228385417e+04,-9.475386544674319e+01,2.696796476207623e+04,6.486169456673502e+07
3.83400000e+04,2.279382805648207e+11,8.853548176241088e+08,2.279395242282347e+11,8.210161065849081e+08,-9.372429847312603e+01,2.412971050232489e+04,-9.524921148516411e+01,2.696980980256686e+04,6.435073271698564e+07
3.85200000e+04,2.279382636530659e+11,8.896981653495333e+08,2.279395070387057e+11,8.258708406132053e+08,-9.418408839066743e+01,2.412970871203435e+04,-9.574540698511166e+01,2.697168439876912e+04,6.383943730562823e+07
3.87000000e+04,2.279382466585488e+11,8.940415127668831e+08,2.279394897596742e+11,8.307259147834281e+08,-9.464387827559580e+01,2.412970691298254e+04,-9.624247974738810e+01,2.697358928655383e+04,6.332780281202299e+07
3.88800000e+04,2.279382295812696e+11,8.983848598624424e+08,2.279394723912746e+11,8.355813346172405e+08,-9.510366812645918e+01,2.412970510516946e+04,-9.674045873752097e+01,2.697552522693338e+04,6.281582388079445e+07
3.90600000e+04,2.279382124212282e+11,9.027282066318070e+08,2.279394549332153e+11,8.404371057741004e+08,-9.556345794279139e+01,2.412970328859512e+04,-9.723937414454673e+01,2.697749300706964e+04,6.230349462142994e+07
3.92400000e+04,2.279381951784246e+11,9.070715530733997e+08,2.279394373850947e+11,8.452932340571941e+08,-9.602324772442542e+01,2.412970146325952e+04,-9.773925744644376e+01,2.697949344146731e+04,6.179080953613324e+07
3.94200000e+04,2.279381778528589e+11,9.114148991856432e+08,2.279394197468412e+11,8.501497254201217e+08,-9.648303747119431e+01,2.412969962916266e+04,-9.824014147708395e+01,2.698152737323718e+04,6.127776251773196e+07
3.96000000e+04,2.279381604445310e+11,9.157582449669610e+08,2.279394020186405e+11,8.550065859718947e+08,-9.694282718293115e+01,2.412969778630454e+04,-9.874206049572715e+01,2.698359567537288e+04,6.076434748810710e+07
3.97800000e+04,2.279381429534410e+11,9.201015904157758e+08,2.279393841997223e+11,8.598638219778931e+08,-9.740261685946899e+01,2.412969593468515e+04,-9.924505026523458e+01,2.698569925195892e+04,6.025055833788615e+07
3.99600000e+04,2.279381253795889e+11,9.244449355305105e+08,2.279393662902773e+11,8.647214398727891e+08,-9.786240650064089e+01,2.412969407430451e+04,-9.974914813367185e+01,2.698783903982559e+04,5.973638883725590e+07
4.01400000e+04,2.279381077229746e+11,9.287882803095883e+08,2.279393482900378e+11,8.695794462612250e+08,-9.832219610627990e+01,2.412969220516261e+04,-1.002543931161359e+02,2.699001600988785e+04,5.922183196615399e+07
4.03200000e+04,2.279380899835981e+11,9.331316247514321e+08,2.279393301985529e+11,8.744378479251188e+08,-9.878198567621905e+01,2.412969032725945e+04,-1.007608259925596e+02,2.699223116877193e+04,5.870688140639812e+07
4.05000000e+04,2.279380721614596e+11,9.374749688544647e+08,2.279393120160794e+11,8.792966518336859e+08,-9.924177521029142e+01,2.412968844059503e+04,-1.012684893990866e+02,2.699448556060308e+04,5.819152988757610e+07
4.06800000e+04,2.279380542565590e+11,9.418183126171092e+08,2.279392937418383e+11,8.841558651436093e+08,-9.970156470833007e+01,2.412968654516936e+04,-1.017774279377805e+02,2.699678026858227e+04,5.767577060740165e+07
4.08600000e+04,2.279380362688962e+11,9.461616560377884e+08,2.279392753760960e+11,8.890154952142918e+08,-1.001613541701680e+02,2.412968464098242e+04,-1.022876882821113e+02,2.699911641711701e+04,5.715959601423629e+07
4.10400000e+04,2.279380181984713e+11,9.505049991149256e+08,2.279392569182878e+11,8.938755496082015e+08,-1.006211435956384e+02,2.412968272803424e+04,-1.027993193016901e+02,2.700149517359492e+04,5.664299877191304e+07
4.12200000e+04,2.279380000452844e+11,9.548483418469436e+08,2.279392383680887e+11,8.987360361028856e+08,-1.010809329845741e+02,2.412968080632480e+04,-1.033123721812891e+02,2.700391775062731e+04,5.612597096584601e+07
4.14000000e+04,2.279379818093354e+11,9.591916842322655e+08,2.279392197257832e+11,9.035969627008951e+08,-1.015407223368084e+02,2.412967887585410e+04,-1.038269005641723e+02,2.700638540833394e+04,5.560850493358541e+07
4.15800000e+04,2.279379634906242e+11,9.635350262693141e+08,2.279392009904876e+11,9.084583376314198e+08,-1.020005116521742e+02,2.412967693662215e+04,-1.043429606906161e+02,2.700889945651329e+04,5.509059231464507e+07
4.17600000e+04,2.279379450891511e+11,9.678783679565123e+08,2.279391821619945e+11,9.133201693668356e+08,-1.024603009305047e+02,2.412967498862895e+04,-1.048606115540194e+02,2.701146125738546e+04,5.457222462215295e+07
4.19400000e+04,2.279379266049158e+11,9.722217092922834e+08,2.279391632404660e+11,9.181824666311666e+08,-1.029200901716327e+02,2.412967303187450e+04,-1.053799150689916e+02,2.701407222823754e+04,5.405339329428536e+07
4.21200000e+04,2.279379080379185e+11,9.765650502750499e+08,2.279391442253266e+11,9.230452384057763e+08,-1.033798793753915e+02,2.412967106635879e+04,-1.059009362482038e+02,2.701673384414657e+04,5.353408932743086e+07
4.23000000e+04,2.279378893881591e+11,9.809083909032353e+08,2.279391251161722e+11,9.279084939437186e+08,-1.038396685416140e+02,2.412966909208184e+04,-1.064237433908425e+02,2.701944764111776e+04,5.301430393624777e+07
4.24800000e+04,2.279378706556377e+11,9.852517311752622e+08,2.279391059127146e+11,9.327722427807721e+08,-1.042994576701334e+02,2.412966710904363e+04,-1.069484082889702e+02,2.702221521930681e+04,5.249402706547175e+07
4.26600000e+04,2.279378518403542e+11,9.895950710895538e+08,2.279390866146385e+11,9.376364947467067e+08,-1.047592467607826e+02,2.412966511724418e+04,-1.074750064471851e+02,2.702503824643964e+04,5.197324927243937e+07
4.28400000e+04,2.279378329423087e+11,9.939384106445332e+08,2.279390672215976e+11,9.425012599777877e+08,-1.052190358133948e+02,2.412966311668347e+04,-1.080036173187955e+02,2.702791846147685e+04,5.145196034073735e+07
4.30200000e+04,2.279378139615012e+11,9.982817498386227e+08,2.279390477332075e+11,9.473665489298743e+08,-1.056788248278029e+02,2.412966110736152e+04,-1.085343245600068e+02,2.703085767852159e+04,5.093015006316756e+07
4.32000000e+04,2.279377948979317e+11,1.002625088670246e+09,2.279390281490380e+11,9.522323723923398e+08,-1.061386138038401e+02,2.412965908927832e+04,-1.090672163038595e+02,2.703385779098940e+04,5.040780752353742e+07
4.33800000e+04,2.279377757516001e+11,1.006968427137826e+09,2.279390084686019e+11,9.570987415026404e+08,-1.065984027413394e+02,2.412965706243388e+04,-1.096023854558646e+02,2.703692077606291e+04,4.988492188863775e+07
4.35600000e+04,2.279377565225066e+11,1.011311765239785e+09,2.279389886919763e+11,9.619656677644953e+08,-1.070581916401338e+02,2.412965502682819e+04,-1.101399300117169e+02,2.704004869953030e+04,4.936148157250402e+07
4.37400000e+04,2.279377372106510e+11,1.015655102974547e+09,2.279389688183777e+11,9.668331630582390e+08,-1.075179805000565e+02,2.412965298246126e+04,-1.106799533961485e+02,2.704324372071380e+04,4.883747505348554e+07
4.39200000e+04,2.279377178160335e+11,1.019998440340534e+09,2.279389488468809e+11,9.717012396612101e+08,-1.079777693209404e+02,2.412965092933308e+04,-1.112225648459419e+02,2.704650809801008e+04,4.831288965013667e+07
4.41000000e+04,2.279376983386539e+11,1.024341777336169e+09,2.279389287780862e+11,9.765699102731631e+08,-1.084375581026186e+02,2.412964886744366e+04,-1.117678798043378e+02,2.704984419494065e+04,4.778771328859893e+07
4.42800000e+04,2.279376787785125e+11,1.028685113959877e+09,2.279389086102308e+11,9.814391880192276e+08,-1.088973468449241e+02,2.412964679679300e+04,-1.123160203486049e+02,2.705325448596247e+04,4.726193268170782e+07
4.44600000e+04,2.279376591356089e+11,1.033028450210078e+09,2.279388883441720e+11,9.863090864917606e+08,-1.093571355476901e+02,2.412964471738109e+04,-1.128671156811914e+02,2.705674156379486e+04,4.673553447132680e+07
4.46400000e+04,2.279376394099435e+11,1.037371786085197e+09,2.279388679781650e+11,9.911796197498634e+08,-1.098169242107496e+02,2.412964262920794e+04,-1.134213026239596e+02,2.706030814603702e+04,4.620850454111103e+07
4.48200000e+04,2.279376196015161e+11,1.041715121583656e+09,2.279388475118936e+11,9.960508023599378e+08,-1.102767128339356e+02,2.412964053227356e+04,-1.139787261740779e+02,2.706395708343215e+04,4.568082829279137e+07
4.50000000e+04,2.279375997103268e+11,1.046058456703878e+09,2.279388269452510e+11,1.000922649415127e+09,-1.107365014170812e+02,2.412963842657793e+04,-1.145395401205878e+02,2.706769136810206e+04,4.515249135898006e+07
4.51800000e+04,2.279375797363755e+11,1.050401791444286e+09,2.279388062774152e+11,1.005795176557599e+09,-1.111962899600195e+02,2.412963631212106e+04,-1.151039076975161e+02,2.707151414246700e+04,4.462347784036814e+07
4.53600000e+04,2.279375596796623e+11,1.054745125803304e+09,2.279387855074274e+11,1.010668400008896e+09,-1.116560784625834e+02,2.412963418890296e+04,-1.156720022951230e+02,2.707542870905988e+04,4.409377124619006e+07
4.55400000e+04,2.279375395401871e+11,1.059088459779354e+09,2.279387646355014e+11,1.015542336605554e+09,-1.121158669246062e+02,2.412963205692362e+04,-1.162440082430979e+02,2.707943854119770e+04,4.356335574362471e+07
4.57200000e+04,2.279375193179500e+11,1.063431793370860e+09,2.279387436601865e+11,1.020417003818303e+09,-1.125756553459207e+02,2.412962991618305e+04,-1.168201216479110e+02,2.708354729402118e+04,4.303221330771787e+07
4.59000000e+04,2.279374990129510e+11,1.067775126576243e+09,2.279387225796184e+11,1.025292419791313e+09,-1.130354437263601e+02,2.412962776668123e+04,-1.174005513614418e+02,2.708775881694495e+04,4.250032638222514e+07
4.60800000e+04,2.279374786251902e+11,1.072118459393928e+09,2.279387013958823e+11,1.030168603398127e+09,-1.134952320657574e+02,2.412962560841818e+04,-1.179855200356602e+02,2.709207716750566e+04,4.196767614493488e+07
4.62600000e+04,2.279374581546674e+11,1.076461791822336e+09,2.279386801042557e+11,1.035045574231808e+09,-1.139550203639457e+02,2.412962344139390e+04,-1.185752650746056e+02,2.709650662456024e+04,4.143424291559274e+07
4.64400000e+04,2.279374376013827e+11,1.080805123859892e+09,2.279386587070576e+11,1.039923352708934e+09,-1.144148086207580e+02,2.412962126560839e+04,-1.191700399102464e+02,2.710105170563285e+04,4.090000676408808e+07
4.66200000e+04,2.279374169653362e+11,1.085148455505018e+09,2.279386372047065e+11,1.044801960073547e+09,-1.148745968360274e+02,2.412961908106164e+04,-1.197701159029785e+02,2.710571718288197e+04,4.036494660604077e+07
4.68000000e+04,2.279373962465277e+11,1.089491786756137e+09,2.279386155940166e+11,1.049681418436743e+09,-1.153343850095869e+02,2.412961688775366e+04,-1.203757830976911e+02,2.711050810154862e+04,3.982904052893060e+07
4.69800000e+04,2.279373754449574e+11,1.093835117611672e+09,2.279385938694278e+11,1.054561750833009e+09,-1.157941731412697e+02,2.412961468568445e+04,-1.209873518005528e+02,2.711542980037326e+04,3.929226573120141e+07
4.71600000e+04,2.279373545606253e+11,1.098178448070046e+09,2.279385720360770e+11,1.059442981335603e+09,-1.162539612309087e+02,2.412961247485401e+04,-1.216051547841126e+02,2.712048793523921e+04,3.875459796998506e+07
4.73400000e+04,2.279373335935312e+11,1.102521778129683e+09,2.279385500910759e+11,1.064325135029232e+09,-1.167137492783370e+02,2.412961025526235e+04,-1.222295496032703e+02,2.712568850110151e+04,3.821601304387545e+07
4.75200000e+04,2.279373125436754e+11,1.106865107789004e+09,2.279385280333357e+11,1.069208238118964e+09,-1.171735372833877e+02,2.412960802690945e+04,-1.228609201111076e+02,2.713103785968471e+04,3.767648449495270e+07
4.77000000e+04,2.279372914110577e+11,1.111208437046433e+09,2.279385058609304e+11,1.074092317986493e+09,-1.176333252458938e+02,2.412960578979532e+04,-1.234996793661503e+02,2.713654276815497e+04,3.713598555605148e+07
4.78800000e+04,2.279372701956782e+11,1.115551765900393e+09,2.279384835727326e+11,1.078977403271878e+09,-1.180931131656883e+02,2.412960354391997e+04,-1.241462722134214e+02,2.714221041118928e+04,3.659448727282659e+07
4.80600000e+04,2.279372488975368e+11,1.119895094349307e+09,2.279384611679336e+11,1.083863523951426e+09,-1.185529010426044e+02,2.412960128928339e+04,-1.248011783669051e+02,2.714804843596200e+04,3.605196076060849e+07
4.82400000e+04,2.279372275166337e+11,1.124238422391598e+09,2.279384386438588e+11,1.088750711413992e+09,-1.190126888764751e+02,2.412959902588559e+04,-1.254649157989558e+02,2.715406499048981e+04,3.550837473533864e+07
4.84200000e+04,2.279372060529687e+11,1.128581750025688e+09,2.279384159997481e+11,1.093638998572836e+09,-1.194724766671334e+02,2.412959675372656e+04,-1.261380445376924e+02,2.716026876667779e+04,3.496369627806920e+07
4.86000000e+04,2.279371845065419e+11,1.132925077250002e+09,2.279383932337810e+11,1.098528419953709e+09,-1.199322644144125e+02,2.412959447280631e+04,-1.268211709236032e+02,2.716666904705796e+04,3.441789179236746e+07
4.87800000e+04,2.279371628773534e+11,1.137268404062962e+09,2.279383703434766e+11,1.103419011807580e+09,-1.203920521181453e+02,2.412959218312483e+04,-1.275149523775346e+02,2.717327575698033e+04,3.387092457020125e+07
4.89600000e+04,2.279371411654030e+11,1.141611730462990e+09,2.279383473275083e+11,1.108310812240311e+09,-1.208518397781648e+02,2.412958988468214e+04,-1.282201027672757e+02,2.718009952269756e+04,3.332275801785351e+07
4.91399999e+04,2.279371193706909e+11,1.145955056448510e+09,2.279383241835594e+11,1.113203861334201e+09,-1.213116273943043e+02,2.412958757747822e+04,-1.289373984477936e+02,2.718715173543272e+04,3.277335142850225e+07
4.93199999e+04,2.279370974932170e+11,1.150298382017945e+09,2.279383009092981e+11,1.118098201296731e+09,-1.217714149663967e+02,2.412958526151308e+04,-1.296676850953272e+02,2.719444462316815e+04,3.222266357114666e+07
4.94999999e+04,2.279370755329814e+11,1.154641707169717e+09,2.279382775023511e+11,1.122993876618258e+09,-1.222312024942750e+02,2.412958293678673e+04,-1.304118854228979e+02,2.720199133064983e+04,3.167065072462717e+07
4.96799999e+04,2.279370534899840e+11,1.158985031902251e+09,2.279382539601735e+11,1.127890934244355e+09,-1.226909899777724e+02,2.412958060329915e+04,-1.311710079623942e+02,2.720980600890141e+04,3.111726576530378e+07
4.98599999e+04,2.279370313642249e+11,1.163328356213968e+09,2.279382302798534e+11,1.132789423764902e+09,-1.231507774167218e+02,2.412957826105036e+04,-1.319461570406430e+02,2.721790391560924e+04,3.056246054914704e+07
5.00399999e+04,2.279370091557040e+11,1.167671680103292e+09,2.279382064585306e+11,1.137689397625417e+09,-1.236105648109564e+02,2.412957591004034e+04,-1.327385441614727e+02,2.722630152805376e+04,3.000618228346268e+07
5.02199999e+04,2.279369868644214e+11,1.172015003568645e+09,2.279381824929081e+11,1.142590911355475e+09,-1.240703521603092e+02,2.412957355026912e+04,-1.335495010315002e+02,2.723501667028654e+04,2.944837705099300e+07
5.03999999e+04,2.279369644903771e+11,1.176358326608451e+09,2.279381583794669e+11,1.147494023825006e+09,-1.245301394646133e+02,2.412957118173668e+04,-1.343804945090260e+02,2.724406865693329e+04,2.888898617089698e+07
5.05799999e+04,2.279369420335710e+11,1.180701649221133e+09,2.279381341146089e+11,1.152398797527720e+09,-1.249899267237017e+02,2.412956880444302e+04,-1.352331438035429e+02,2.725347845614044e+04,2.832794817760466e+07
5.07599999e+04,2.279369194940033e+11,1.185044971405113e+09,2.279381096941359e+11,1.157305298892705e+09,-1.254497139374074e+02,2.412956641838816e+04,-1.361092403346715e+02,2.726326887468299e+04,2.776519720157078e+07
5.09399999e+04,2.279368968716739e+11,1.189388293158815e+09,2.279380851137397e+11,1.162213598636497e+09,-1.259095011055635e+02,2.412956402357207e+04,-1.370107707425637e+02,2.727346476909807e+04,2.720066372738908e+07
5.11199999e+04,2.279368741665828e+11,1.193731614480662e+09,2.279380603686048e+11,1.167123772151470e+09,-1.263692882280032e+02,2.412956161999478e+04,-1.379399436348924e+02,2.728409328700593e+04,2.663427370996663e+07
5.12999999e+04,2.279368513787300e+11,1.198074935369076e+09,2.279380354536038e+11,1.172035899943798e+09,-1.268290753045593e+02,2.412955920765628e+04,-1.388992208029812e+02,2.729518414408418e+04,2.606594676523360e+07
5.14799999e+04,2.279368285081155e+11,1.202418255822481e+09,2.279380103629233e+11,1.176950068122043e+09,-1.272888623350651e+02,2.412955678655656e+04,-1.398913537800637e+02,2.730676994289147e+04,2.549559816176635e+07
5.16599999e+04,2.279368055547394e+11,1.206761575839299e+09,2.279379850905059e+11,1.181866368951726e+09,-1.277486493193534e+02,2.412955435669564e+04,-1.409194268479183e+02,2.731888654142816e+04,2.492313792120700e+07
5.18399999e+04,2.279367825186016e+11,1.211104895417954e+09,2.279379596295899e+11,1.186784901476762e+09,-1.282084362572575e+02,2.412955191807351e+04,-1.419869078378210e+02,2.733157348061369e+04,2.434846726344038e+07
5.20199999e+04,2.279367593997022e+11,1.215448214556869e+09,2.279379339726464e+11,1.191705772226116e+09,-1.286682231486104e+02,2.412954947069017e+04,-1.430977084095949e+02,2.734487448231787e+04,2.377148166922039e+07
5.21999999e+04,2.279367361980411e+11,1.219791533254465e+09,2.279379081115499e+11,1.196629096018780e+09,-1.291280099932450e+02,2.412954701454562e+04,-1.442562559362491e+02,2.735883803217904e+04,2.319206843979969e+07
5.23799999e+04,2.279367129136185e+11,1.224134851509168e+09,2.279378820372270e+11,1.201554996879846e+09,-1.295877967909945e+02,2.412954454963987e+04,-1.454675796403752e+02,2.737351806443816e+04,2.261010500126086e+07
5.25599999e+04,2.279366895464341e+11,1.228478169319398e+09,2.279378557396869e+11,1.206483609092836e+09,-1.300475835416920e+02,2.412954207597291e+04,-1.467374143983697e+02,2.738897477109589e+04,2.202545863337929e+07
5.27399999e+04,2.279366660964883e+11,1.232821486683581e+09,2.279378292078564e+11,1.211415078409965e+09,-1.305073702451704e+02,2.412953959354476e+04,-1.480723265297980e+02,2.740527556255581e+04,2.143798730254535e+07
5.29199999e+04,2.279366425637807e+11,1.237164803600137e+09,2.279378024292951e+11,1.216349563450816e+09,-1.309671569012629e+02,2.412953710235539e+04,-1.494798671795123e+02,2.742249621460393e+04,2.084753346503733e+07
5.30999999e+04,2.279366189483116e+11,1.241508120067491e+09,2.279377753902144e+11,1.221287237329444e+09,-1.314269435098024e+02,2.412953460240483e+04,-1.509687605605380e+02,2.744072224601315e+04,2.025392811463316e+07
5.32799999e+04,2.279365952500809e+11,1.245851436084066e+09,2.279377480750583e+11,1.226228289552204e+09,-1.318867300706221e+02,2.412953209369307e+04,-1.525491366053406e+02,2.746005058357070e+04,1.965698380917459e+07
5.34599999e+04,2.279365714690887e+11,1.250194751648283e+09,2.279377204663312e+11,1.231172928247916e+09,-1.323465165835549e+02,2.412952957622010e+04,-1.542328206573064e+02,2.748059158826534e+04,1.905649725704821e+07
5.36399999e+04,2.279365476053348e+11,1.254538066758568e+09,2.279376925442285e+11,1.236121382801775e+09,-1.328063030484341e+02,2.412952704998593e+04,-1.560336971041642e+02,2.750247153901853e+04,1.845224256604083e+07
5.38199999e+04,2.279365236588194e+11,1.258881381413341e+09,2.279376642861977e+11,1.241073906986645e+09,-1.332660894650926e+02,2.412952451499057e+04,-1.579681698002678e+02,2.752583570131380e+04,1.784397111970920e+07
5.39999999e+04,2.279364996295424e+11,1.263224695611027e+09,2.279376356665117e+11,1.246030782712362e+09,-1.337258758333634e+02,2.412952197123401e+04,-1.600557505361596e+02,2.755085215090417e+04,1.723140556931870e+07
5.41799999e+04,2.279364755175039e+11,1.267568009350048e+09,2.279376066555500e+11,1.250992324546904e+09,-1.341856621530796e+02,2.412951941871626e+04,-1.623198188516954e+02,2.757771658257210e+04,1.661423817037478e+07
5.43599999e+04,2.279364513227039e+11,1.271911322628828e+09,2.279375772191013e+11,1.255958885215811e+09,-1.346454484240744e+02,2.412951685743730e+04,-1.647886140128925e+02,2.760665841883023e+04,1.599212321708587e+07
5.45399999e+04,2.279364270451424e+11,1.276254635445788e+09,2.279375473173217e+11,1.260930862348831e+09,-1.351052346461807e+02,2.412951428739716e+04,-1.674965458565816e+02,2.763794865574833e+04,1.536467192341933e+07
5.47199999e+04,2.279364026848193e+11,1.280597947799353e+09,2.279375169034827e+11,1.265908706840082e+09,-1.355650208192315e+02,2.412951170859582e+04,-1.704859501649626e+02,2.767191006219088e+04,1.473144239130457e+07
5.48999999e+04,2.279363782417347e+11,1.284941259687946e+09,2.279374859223565e+11,1.270892933319665e+09,-1.360248069430600e+02,2.412950912103328e+04,-1.738094740030722e+02,2.770893061598574e+04,1.409193206312281e+07
5.50799999e+04,2.279363537158886e+11,1.289284571109988e+09,2.279374543080879e+11,1.275884133427888e+09,-1.364845930174993e+02,2.412950652470956e+04,-1.775333701508848e+02,2.774948146738500e+04,1.344556218775228e+07
5.52599999e+04,2.279363291072811e+11,1.293627882063904e+09,2.279374219813072e+11,1.280882992867871e+09,-1.369443790423823e+02,2.412950391962464e+04,-1.817421301989698e+02,2.779414135332448e+04,1.279166488449255e+07
5.54399999e+04,2.279363044159120e+11,1.297971192548115e+09,2.279373888453385e+11,1.285890313644080e+09,-1.374041650175421e+02,2.412950130577854e+04,-1.865451339607882e+02,2.784363039722707e+04,1.212945627506614e+07
5.56199999e+04,2.279362796417815e+11,1.302314502561046e+09,2.279373547808622e+11,1.290907043556416e+09,-1.378639509428117e+02,2.412949868317124e+04,-1.920864143227144e+02,2.789885788850986e+04,1.145801614091032e+07
5.57999999e+04,2.279362547848895e+11,1.306657812101120e+09,2.279373196384726e+11,1.295934316079439e+09,-1.383237368180243e+02,2.412949605180276e+04,-1.985593773991400e+02,2.796099144837407e+04,1.077624111301955e+07
5.59799999e+04,2.279362298452361e+11,1.311001121166758e+09,2.279372832278653e+11,1.300973505489487e+09,-1.387835226430130e+02,2.412949341167309e+04,-2.062296712074150e+02,2.803155993139180e+04,1.008279649493202e+07
5.61599999e+04,2.279362048228212e+11,1.315344429756385e+09,2.279372453018094e+11,1.306026305057043e+09,-1.392433084176106e+02,2.412949076278224e+04,-2.154719810541109e+02,2.811261146645491e+04,9.376040438480785e+06
5.63399999e+04,2.279361797176449e+11,1.319687737868422e+09,2.279372055314545e+11,1.311094841364679e+09,-1.397030941416503e+02,2.412948810513020e+04,-2.268317322606251e+02,2.820696546143259e+04,8.653914949329736e+06
5.65199999e+04,2.279361545297072e+11,1.324031045501294e+09,2.279371634667797e+11,1.316181847603958e+09,-1.401628798149652e+02,2.412948543871697e+04,-2.411338168030919e+02,2.831863289326245e+04,7.913781339018404e+06
5.66999999e+04,2.279361292590080e+11,1.328374352653423e+09,2.279371184699669e+11,1.321290938121425e+09,-1.406226654373883e+02,2.412948276354256e+04,-2.596861437421410e+02,2.845355675790277e+04,7.152157847275837e+06
5.68799999e+04,2.279361039055475e+11,1.332717659323232e+09,2.279370695959973e+11,1.326427067939969e+09,-1.410824510087527e+02,2.412948007960697e+04,-2.846907531564896e+02,2.862100909725747e+04,6.364287176314118e+06
5.70599999e+04,2.279360784693255e+11,1.337060965509144e+09,2.279370153608746e+11,1.331597358141985e+09,-1.415422365288914e+02,2.412947738691020e+04,-3.201598223498711e+02,2.883647047465473e+04,5.543360268152955e+06
5.72399999e+04,2.279360529503422e+11,1.341404271209583e+09,2.279369532406355e+11,1.336812725239616e+09,-1.420020219976375e+02,2.412947468545225e+04,-3.742466688831860e+02,2.912831552307140e+04,4.678981987382155e+06
5.74199999e+04,2.279360273485974e+11,1.345747576422970e+09,2.279368784088395e+11,1.342091558829048e+09,-1.424618074148240e+02,2.412947197523312e+04,-4.664341852600514e+02,2.955622647949772e+04,3.753774394733544e+06
5.75999999e+04,2.279360016640913e+11,1.350090881147729e+09,2.279367796798500e+11,1.347469951472997e+09,-1.429215927802840e+02,2.412946925625281e+04,-6.577842321306280e+02,3.027775843798583e+04,2.733974668000977e+06
